,0,1
"-0.1,-0.2",-0.0031965565057397536,-0.005405103120640003
"-0.0,0.0",-0.005032934587324255,0.0020263520420832756
"0.0,-0.1",0.004377314658973193,-0.0017495746781312081
"0.1,0.1",0.0005584205878947498,-0.0035752010141823294
"-0.2,-0.2",-0.004492698499870337,-0.008222645051691874
"-0.2,0.0",-0.0071532490962249815,0.0038964430805296397
"0.8,0.7",-0.013979611822521096,0.013808889212373072
"-0.5,-1.3",-0.002248089592070817,-1.6509279951408762e-05
"-0.2,-0.1",-0.006190681555053399,-0.0025282746549559875
"0.3,0.5",-0.0022043025670190966,-0.005004182772074194
"0.1,0.0",-0.00474810353875965,-0.00011438433030061816
"-0.0,-0.0",0.0019575487092644587,-0.00440466230247039
"0.0,0.0",-0.0005121584942579885,-0.008787088702745232
"0.2,0.3",0.006716106565182621,-0.0068748704790990815
"0.0,-0.2",0.0007096112549535663,-0.006055447662890288
"-0.0,-0.2",-0.007203804566235093,0.0018829702454559916
"-0.1,-0.0",0.0035951060683178963,-0.008651043109511503
"0.3,0.2",0.0014368403102683269,-0.007161767673378657
"0.1,-0.2",-0.004434149439785416,-0.013418888776425398
"0.0,-0.0",-0.005713422916845491,0.0017788421620138434
"-0.0,0.1",3.5562470190851365e-06,-0.008834772865300957
"0.8,0.1",-0.0036294730172022104,0.050322884143660644
"-0.4,-1.2",-0.008765845795504473,0.007913535428586256
"-0.0,-0.1",5.2308752266805e-05,-0.005169695338198614
"1.5,2.6",0.049488927023523734,0.0
"-1.8,-3.4",0.027844689800210293,0.0
"0.3,-0.3",0.0032883309422312083,-0.0011448124934489527
"0.3,0.0",-0.01640478658271274,0.005524606186017803
"0.5,0.6",-0.009601039102717208,0.001805295856041604
"0.2,-0.3",-0.009198755588712278,0.005637721557817105
"0.1,0.3",-0.0030225798928763207,0.00032168475127577383
"0.5,0.4",-0.002306039590218444,-0.0028165213702918673
"-0.1,0.1",-0.000508471220058873,0.0009923095167063672
"0.2,0.2",-0.012435744793545717,0.0037737701546706687
"0.3,0.1",-0.004763621771877522,-0.0034196204321632288
"-0.1,-0.4",-0.003484070117108433,-0.009398656695363737
"-0.4,-0.3",0.0001007439540169784,-0.016444687698554568
"-0.1,-0.3",-0.009891095313010887,-0.004699999868869126
"0.0,0.4",0.003541572274263508,-0.008578654444258045
"-0.1,-0.1",-0.003948508624649993,-0.002585852549389935
"-0.3,-0.2",-0.003977909647529632,0.009392140858856413
"1.2,1.1",0.00932436096213873,0.0
"-0.1,-1.3",0.005855969341748522,0.0
"0.7,1.7",1.3195555483143558e-05,0.0
"-0.1,-0.7",-0.005399976045540863,-6.048672326763871e-05
"0.4,0.6",0.006492685577633706,-0.008010579212910577
"-0.7,-0.3",-0.004010396335767301,0.00649747165261087
"0.2,0.9",-0.0046283501576157675,0.010902065312582466
"0.6,1.0",-0.002630217917097297,-0.006353449978461186
"-0.1,0.2",0.010465980390352632,-0.005789559695704124
"0.1,-0.1",-0.0020485591557547972,-0.008540021858267507
"0.4,0.3",-0.006019633521514219,0.0020174837202842624
"0.0,0.1",0.0009317855006490103,-0.003629373267117094
"0.1,0.2",-0.011553833626926217,0.004871439450564762
"0.1,0.6",0.005340347218267509,-0.0021828374392562615
"1.1,0.9",0.004391016630375653,-0.002015822331361199
"-0.7,-1.8",-6.183383047736761e-05,-0.001467920183208072
"0.3,0.3",-0.004712630106346725,-0.0009330774102189805
"0.8,0.2",-0.005336169049732214,-0.005263521813307265
"-0.2,-0.3",-0.00465885463195711,-0.005257963324379935
"-0.3,-0.4",-0.006361986474624688,-0.004254854415049837
"-0.2,0.1",-0.0077012423317513725,-0.005094662613511197
"-0.0,0.2",0.008712398564693483,-0.006138575349292148
"-0.6,-0.3",-0.009484944646376328,0.00635945682300797
"-0.1,0.4",-0.004866144152942779,-0.0020126005164034515
"0.0,0.2",-0.0035378957868896625,0.0010467000923202606
"0.0,0.3",-0.004445603944740637,-0.0031457059151215406
"-0.3,-0.1",0.003330169233019826,-0.005141019884303124
"0.2,-0.0",0.003730485329486883,-0.007457882728760075
"-0.1,0.0",0.0051757364257096275,-0.004796017726974405
"-0.2,-1.2",-0.0047194681506976185,-0.006552114709414429
"0.3,0.6",-0.0030132891087466225,0.0019383647839877152
"0.5,0.7",-0.004381545971408414,0.0056825122490246505
"0.0,-0.9",0.009250152944312492,-0.005000667652466307
"-0.7,-0.8",-0.012197056029526135,0.0035645472876699668
"1.2,0.1",-0.026292824366657613,0.047712291586717484
"1.3,0.1",-0.013882235881722604,0.0572080573895492
"0.2,0.7",-0.01320557845461654,-0.003927854259227022
"0.7,-0.2",-0.006644886855452545,0.012755825878631109
"0.0,-0.7",0.011066449528785145,-0.006392535494079473
"-0.2,-0.7",-0.014713739499070287,-0.0022312185575021097
"-0.6,-1.4",-0.0015069063791392184,-0.006296925473401497
"-0.9,-0.3",-0.001599682093317855,0.012607077915547155
"-0.2,-0.4",-0.007289188269576296,0.001194468806449283
"0.0,-0.4",0.002374567241754155,-0.004473135821034143
"0.1,-0.0",-0.01804652246424716,-0.005839573337244199
"0.7,0.1",-0.01928886605587852,0.026650119363780683
"-0.0,-0.4",-0.008592141958812449,0.010916338637385926
"0.4,0.4",-0.010801552305329093,-0.002565529789393661
"0.6,-0.7",-0.009335037095893188,0.01103924305873968
"-0.3,-0.3",0.0009043946911050189,-0.006700092110751103
"-0.3,0.0",0.0028957119543940517,-0.010461408899304005
"0.3,-0.1",0.004407573492055184,-0.0046370534918391566
"0.2,0.1",-0.005843404532619666,0.005542902088452555
"-0.1,-0.6",-0.00462558926135621,-0.008440216799162358
"-0.4,-0.6",0.001055242580194436,-0.000425944594119619
"-0.3,3.3",0.0020113391479419243,-0.0005848616306897133
"-0.5,-0.2",-0.012582678473465251,-0.0011145653740870613
"-0.1,-0.5",-0.007463210589618504,0.0017813451507049
"0.4,0.5",0.00042592399582969673,-0.004728689623105751
"-0.7,-0.7",0.00029432140373467466,-0.0050541240943021565
"0.8,0.5",-0.00669860131695448,0.00015109261263118626
"0.2,-0.6",-0.019032712553826672,0.015501600265893973
"-0.2,-0.5",-0.015370124208529975,0.0017169227972951718
"-0.1,1.4",-0.00029875307660873294,0.003268306101391247
"-0.3,-0.5",-0.013588943914652972,-0.002616793367200834
"0.9,1.0",-0.005768288752054383,0.008839167885560308
"0.5,0.5",-0.018055640859863574,0.006076151433686908
"-0.2,-0.0",-0.0029345889362990727,-9.756376567793767e-05
"0.2,0.5",-0.009407029988010551,-0.005561981640838525
"0.7,-1.8",-0.00357629244157319,0.009819804490922643
"0.9,0.3",-0.008189395979052464,-0.004657480217764004
"-0.0,-0.9",-0.00047448193374818274,-0.0011473644453471345
"-1.9,-1.9",-0.0016431806600564268,-0.0017287737042823404
"0.9,2.8",0.001140958692201427,-0.0002786155874585302
"-0.7,-1.9",0.0055172314902346845,-0.004137566678718254
"1.1,1.8",-0.0058094409985587625,0.0019452754236393608
"0.8,1.2",-0.005023927215349701,0.009289959317803884
"0.1,-0.7",-0.004793543622799738,-0.017716439697374645
"0.3,0.4",-0.005961031128730233,-0.0009484547297991484
"-0.4,0.3",-0.0021580390996157094,0.004577166307198363
"1.3,1.7",0.007175659529587471,-0.008208010349318904
"-0.6,-0.6",-0.009452153712165599,0.0007210078918387908
"0.3,0.9",0.010905063094707151,-0.008452433158177185
"0.4,0.2",-0.006979094924061111,0.010585686971811002
"0.5,-0.2",0.008427380315944824,-0.014299215361401734
"-2.0,-4.7",0.0037967480094967475,-0.0008103030801877133
"-0.9,1.1",0.0011092960239236557,0.0
"-0.3,-0.7",-0.005445236474444647,0.0044991590080244994
"0.8,1.0",-0.00849131307033331,0.013946281313428226
"-0.0,-0.5",-0.0074939428508637345,0.004273364924934443
"0.4,0.8",-0.0016659527193301992,0.003301882704256494
"0.2,-0.2",-0.005783378623335661,-0.012742310837896608
"-0.8,-1.1",0.005236737885316314,-0.009391850502773282
"0.1,0.9",0.012327526468929303,-0.008141315950850268
"-0.0,1.0",0.01049331555689386,-0.0023267889031640615
"0.0,-1.3",0.003509510321491887,0.0
"-0.0,-0.3",-0.007039872624921786,-0.0018059389527199728
"0.1,-0.6",0.0034911555822604292,-0.005952663305715558
"-0.6,-0.7",-0.0016635279084026488,-0.020058650836434936
"-0.1,0.3",-0.008412480447581265,-0.0033815515851964954
"0.2,0.4",-0.004485557666815817,-0.007527504177191817
"-0.5,-0.4",0.0004267284862315753,0.0016104616521122829
"0.1,0.7",0.0023918758768681513,-0.0050558149170730204
"-0.4,-0.8",-0.0006323664381248193,-0.0049152508524423575
"-0.8,-1.0",-0.005046935389052719,0.001512064875285192
"0.1,1.6",0.00046983429761623973,-0.002679629870042118
"-0.4,-0.1",-0.009675257536363169,0.002113963348702953
"0.0,0.5",-0.00902611241321764,-0.0021605092844947625
"0.6,0.3",-0.00715644573293934,0.0036438517830627874
"0.0,-0.6",-0.005388466150921232,0.006071798888377969
"0.0,-0.3",0.002641656265520738,-0.00852362814428336
"-0.5,-0.3",-0.006428040675269073,0.007906961726553167
"-0.7,-0.5",-0.011237506874890491,0.01016326066619692
"-0.2,0.2",-0.0031530180339128123,-0.009861860520994093
"0.2,0.0",0.0020585970130636705,-0.007337453685243032
"0.1,0.5",-0.006256126814912281,0.00432118723660426
"-0.3,0.1",0.0013635204801983355,-0.006380312293119587
"0.8,1.1",0.005558137444603704,-0.0022396040464351197
"0.1,0.4",-0.005130091923776376,-0.012731661234656431
"0.6,-0.2",-0.0021042691388855035,-0.0019636361179139017
"0.4,0.0",0.0018828220599880203,0.015468112508008091
"-0.2,-0.6",-0.005446506177760629,-0.007887847059049699
"-0.3,-1.2",-0.005602579015724921,0.01790835610289379
"0.3,0.7",-0.012463383175689065,0.0088789419539207
"0.2,0.6",-0.003963228265659554,-0.0060361889111650345
"2.3,2.2",-0.001891626260073071,0.006505302708391291
"0.6,0.8",-0.0008106601427148375,-0.00588729168127416
"-0.5,-1.8",-0.0010623122465267486,-0.004192827890919409
"-0.5,-0.0",-0.017345274857515313,-0.012749696020814948
"-0.4,-1.5",-0.002524622418485569,0.0009537362289957735
"2.3,1.5",0.005027356665182665,0.0
"0.7,0.8",-0.005117403992996556,0.008325904586932033
"-1.4,-2.3",0.0024530707605335223,0.0
"-0.1,1.3",-0.002275889999079761,0.01036930590273263
"-0.4,-0.4",-0.011642904258457744,0.014021366674469559
"0.2,-0.9",-0.007267770847282291,-0.009268289514775442
"1.0,1.2",-0.004471522857228218,0.007065678912113253
"-0.4,0.2",-0.005367164705483319,-0.01259717135830481
"0.3,-0.2",0.002684260753717275,-0.007977506387731785
"-0.2,-0.9",-0.008390091917105512,0.005462448763532726
"-0.3,-0.0",0.0009567091513987125,-0.013164656323921331
"0.2,1.6",0.003439072509626655,-0.00596753634352022
"0.2,-0.1",-0.0006930375635565732,-0.005292370459861231
"-0.5,-0.7",-0.011018510860342976,0.0010671046293310089
"0.9,0.9",-0.014959449155734496,0.008048052576410508
"-0.0,0.7",-0.0075776871774691865,0.009999099912423232
"0.1,-0.4",-0.0004430637950290719,0.001564658218193799
"1.7,-1.4",-0.004118993377872987,0.004118993377872987
"3.8,2.1",-0.002616474749979819,0.009635927089448475
"-0.7,-0.9",0.006919858682762037,-0.010460148810105895
"-0.0,0.5",0.005651324537774105,-0.004337833390911594
"0.1,0.8",-0.00684456342402536,-0.0005808573989391488
"-0.5,-1.7",0.008561404232895862,0.0
"-0.5,0.0",-0.008844161048233157,-0.009986670142171965
"0.1,-1.2",-0.0071171015396809196,0.007999413281958807
"0.9,1.1",-0.007354688910850253,0.005687270326033726
"-0.4,0.1",0.0033816849707589036,-0.0076442049654419034
"-0.0,-0.7",0.0005227732295309174,-0.005698798425263084
"1.6,0.8",0.005830182892970313,0.0
"-1.4,-3.0",0.0015903012370547384,0.0
"-2.3,-2.6",-0.0005043795883196195,0.0013668686843461687
"0.2,2.5",0.019109930381845094,-0.003903402960504366
"0.3,1.9",0.03267910566392092,0.0
"-3.2,-3.5",-0.0016260161056184147,0.00665869855411797
"-0.7,-1.1",0.004991950575702677,-0.008075299490948783
"1.3,0.8",-0.000921495614002936,0.0026428391517921614
"-2.5,-2.7",-0.002211027148054874,0.010359966694654436
"0.8,3.3",-0.0025465498357064614,0.008757584884994521
"0.3,-0.0",-0.005349425483170908,0.0006811822309708884
"-0.7,-0.6",-0.0025115715196272655,-0.0007833420990918025
"0.4,-0.2",0.006971387713193193,-0.007622182745329967
"0.8,0.6",-0.007256387331807295,-0.0015912930462933976
"-0.1,-0.9",-0.006940912419463269,-0.007951896019603777
"-0.5,-0.6",0.006158194313274773,-0.009327491038012697
"-1.2,-1.3",-0.00041607657462256224,0.0025836438663847717
"0.2,1.7",-0.001119022234943946,0.013817613522033688
"-0.9,-0.8",-0.0060235246130835324,-0.011791517312535329
"0.4,1.4",0.008663167882992994,0.0008873481043657977
"-0.6,-0.2",-0.0033532837145165374,-0.004963563189761257
"0.1,-0.3",-6.105639535425661e-05,-0.009017320548710303
"0.4,0.9",-0.005255645620734965,0.0036840686103968706
"-0.6,-1.7",-0.0011594204103469459,0.0025424917218731767
"-0.0,0.3",-0.010830643222189846,-0.0044878931685118735
"-0.4,-0.9",-0.0036511701969596114,0.004107161283916162
"-1.0,-1.1",0.015664774048021822,-0.015168403401488784
"-0.4,0.6",0.007816449260572645,-0.00017667791363248214
"-0.6,-0.0",-0.0009093147817828785,0.0009093147817828785
"-0.3,-1.1",-0.003449392349550547,-0.004091266203213552
"-0.8,-0.5",-0.00958955473450674,-0.0008138135639148711
"-0.7,0.1",-0.012581319401594824,0.009064333109639826
"-0.2,0.5",-0.007650518442193811,0.009759140832461672
"-0.8,-0.7",-0.0018843684962592273,0.00629081408334144
"-0.6,-0.8",-0.008954161726057506,0.016593455978771317
"0.5,0.8",-0.006081577794499571,0.0035772098943693885
"0.3,1.1",-0.00038087447393149947,0.0025607452499579793
"-0.4,-0.5",-0.0006585968525215846,-0.002594483046191108
"-0.7,-1.5",-0.0012025538172574684,0.02168876237295901
"0.3,1.0",-0.019409675178499893,0.01787195190997806
"-0.3,-0.6",-0.0018834555625148275,-0.006149030634960323
"0.7,1.0",-0.01981312859658467,0.009506613576331787
"1.2,1.5",-0.00010869445761979292,0.0003413513800636943
"0.0,-1.1",0.0030464338768631484,-0.003397474054510844
"0.1,-0.8",-0.006316021296375384,-0.0030331807246380717
"-0.0,0.4",-0.009733309276129783,-0.0013686362089565147
"-0.3,-0.9",-0.0139917030986045,0.005553873310242483
"-0.6,-0.4",-0.0024739792570202613,-0.005901118139070823
"0.4,0.1",-0.0031736318623895054,-0.0070030175177390845
"-0.1,-1.5",0.015960331784352008,-0.0010952277329801582
"-0.4,-0.2",-0.007043801647553906,0.006447045352095303
"0.2,1.1",-0.004307133686442953,0.004033367459714918
"0.5,0.3",-0.006518157635333901,0.004394147597575237
"-0.8,-2.3",-0.001334106817607326,0.017326508449820536
"0.5,1.2",-0.0005807429427657317,0.0037470238987981877
"-1.5,-0.7",-0.01384590333610835,0.027964428762413458
"2.9,4.4",-0.00035004378558605126,0.0014334643063534387
"0.0,-0.5",-0.01819968816049858,0.00967349861672073
"1.9,2.3",-0.0006369361340754051,0.01930233286821218
"0.9,0.6",-0.0036398257447596005,-0.002420141664933132
"-0.2,0.4",-0.005280942965636358,-0.011076322892443794
"-0.2,0.3",-0.008085987798950756,-0.002133812775534501
"-1.7,-1.3",0.020719881276940202,-0.005507027673839962
"-3.8,-3.3",-0.0030277443384297133,0.005752714243016455
"2.5,6.3",0.00506982642841528,0.0
"-0.4,-1.4",0.0031218050839366828,-0.0025759135822706882
"-0.5,-0.5",0.004045269779359192,-0.010732557641685517
"-0.6,-1.2",-0.003087677899369071,0.004955394029851857
"0.2,0.8",-0.01046267387172825,0.0011592428409412205
"1.6,2.1",0.016617889262655883,0.0
"-1.5,-3.1",0.0071567911769405265,0.0
"0.3,0.8",-0.016472025110697393,0.0017746286746691531
"-1.0,-4.4",0.007659633736819951,0.0
"-0.8,0.1",0.011342233940494849,-0.00046489922567651584
"0.4,0.7",-0.009721352447554657,-0.006516504263827582
"0.1,1.1",0.014150965993040264,-0.001096159124085917
"0.6,-2.1",0.004218904255148953,0.0
"-1.1,-1.6",0.0097727793794554,-0.012139358515342773
"-0.7,-1.2",0.007467536457138823,-0.0011403512161829571
"-0.0,-1.0",-0.0018654785605584465,-0.00546425906580598
"0.6,1.1",-0.00482340407899081,0.013091214315884345
"0.9,1.4",-0.002455187996567115,0.0025964192109350697
"-0.1,-1.0",-0.004153374178548367,7.890750523407151e-05
"0.5,0.1",-0.0077643480489389596,0.0022723991857021273
"0.0,1.1",0.0001173008487419646,-0.00311808342631077
"-0.9,0.7",-0.002107648966966814,0.005492345551753917
"-0.1,0.8",-0.002194539195165209,0.013432040522823556
"-0.5,-1.4",0.014901046856697452,-0.009290629917834208
"-2.5,-2.0",0.002032771560173555,-0.00035691914422935245
"0.5,3.3",0.007125196270536373,-0.006126765720020572
"3.2,2.4",0.032129638393508624,0.0
"-2.2,-5.4",-0.0029068023371511837,0.007877434333679708
"0.7,1.3",-0.0024829386331344946,0.008564946535591342
"-0.1,-0.8",-0.007940971113662702,0.00643158238720475
"-0.5,-1.6",6.603230395853547e-05,-0.0020792802909854807
"0.7,0.5",0.001495235695229343,-0.00901378938376024
"-0.6,-0.5",-0.0008028451886288193,0.00847056765358881
"-0.3,0.3",0.002075611261770726,-0.007013263392586868
"0.6,0.5",0.0018777547672058185,-0.007332580225563149
"-0.8,-0.8",0.004221207090750906,-0.021054552324853388
"1.6,1.5",-0.00517327277453615,0.018800995402677982
"-1.0,-0.9",-0.004915321796350885,0.0003851204960654865
"0.7,0.3",0.002017807253507317,-0.004404581075865302
"0.8,2.8",0.008908767481222409,0.0
"-0.7,-1.4",-0.002596043412958524,-0.00524262021269848
"0.6,0.0",-0.005127602715709644,0.03964562196436134
"0.6,0.1",-0.02048987366699024,0.01587050243913393
"0.4,1.7",0.008604799821262398,-0.002141087606889092
"-3.0,-3.4",0.01233077447630707,0.0
"0.7,1.4",0.01824002830155182,-0.004017340776262017
"-0.5,-0.8",-0.012925575498887596,0.00036154348950746297
"1.2,1.4",0.016281767118993748,-0.004432352870626141
"-0.3,-1.5",-0.005123523630980554,0.021901800004478052
"-1.9,-2.1",-0.00616763349762355,0.025257075936118197
"1.2,3.1",0.003793613880989242,-0.0006951317470814556
"-0.8,-3.9",0.011266826874104166,0.0
"-1.1,-0.3",-0.002284552259388684,0.03249411742429218
"0.4,3.6",-0.0006374203224596857,0.0039047062943381654
"-0.1,-1.1",-0.0013906693109325627,0.0027086642162233703
"-2.6,-2.7",9.477204350842827e-05,0.0
"-0.0,2.6",-0.0026388888888888903,0.009075138888888893
"-1.4,3.9",-0.002769229897627566,0.007504613022570703
"1.8,3.2",0.0,0.0
"0.7,0.9",-0.008044075467320961,0.00867666922041995
"-1.1,-0.8",0.021189668423389034,-0.0017443490396430658
"-0.1,1.0",0.01998565445002421,-0.006381109496609819
"0.3,-0.6",0.023618956250388484,-0.013401828813867943
"-0.6,-0.9",-0.0009030848909114832,0.001124824878626277
"0.4,-0.5",-0.0004381935103355667,0.005240636944082288
"-1.0,-1.4",0.022528853710411828,0.00019113842376338147
"-0.3,-1.3",-0.00324884784984148,0.0038879959882669483
"-1.5,-0.9",0.0016733156554926808,-0.00022289690751640338
"-0.7,-1.0",-0.006776966004893779,0.014492378733695575
"-1.2,-0.9",0.009458576077460337,-0.0009594976120357473
"-0.3,1.0",0.009051405824860253,-0.002210301537168873
"-1.0,-0.7",0.0081589076225012,-0.006853433895903605
"0.0,1.7",0.0005066350106634677,-0.0014636299361666645
"0.4,1.0",0.0013577087249220668,-0.008514401932215412
"-0.3,0.7",-0.014983863584172308,0.027065186722313214
"0.8,0.8",-0.011824536676689808,0.01579881878147242
"0.0,-0.8",-0.0076383808159851,0.0030865457621337064
"-0.3,-1.0",-0.017321652732225024,0.02351006105284436
"0.8,1.7",0.006372396442687512,0.0
"0.3,2.1",0.02188447718604207,-0.00714659659213188
"0.6,0.2",0.006301401115668505,-0.003140170042585569
"0.0,0.6",-0.008912312414545123,0.0006799553816376907
"-0.0,1.3",0.01351620836106573,0.0
"-2.1,-2.1",-0.0010899236249791518,0.0037862917676005393
"-1.9,-1.6",-0.005762201761489023,0.01132223273563844
"-0.4,-1.1",0.004883294062271801,-0.00728797938857891
"-0.5,1.4",-0.00321872736380133,0.013181010427502826
"2.6,3.1",0.012799301797178926,0.0
"-0.0,-0.6",-0.011465553461883724,0.0012641031624597537
"-0.0,-0.8",-0.00808994491359615,0.004140354720950046
"-3.3,1.1",0.0016696520793693785,0.0
"-0.1,3.2",0.009178493449781677,-0.004830786026200882
"1.2,1.9",0.00022407640297985275,0.0011862401206547612
"0.2,2.0",-0.0003117027951213859,-0.007834399823395111
"-0.7,0.2",-0.0004424799662073202,0.013624386188449538
"-1.2,-1.2",-0.009570706150996915,-0.017338715378891145
"0.3,1.4",0.004752339660748684,-0.007668072729278935
"0.7,-1.0",-0.00015151481704459962,0.0009281487253443529
"-0.0,0.6",-0.00486304429515076,-0.006430309227560903
"-0.1,0.7",-0.008611687779062729,-0.005474455461660074
"-0.4,-1.6",-0.0010883873176669228,-0.0037413094056332474
"0.0,0.9",-0.0030203391123665713,-0.004067317954791052
"1.0,0.3",-0.0028712289939675983,0.00800521758222267
"-0.8,-1.7",0.006698516354455859,-0.006824799900644179
"-0.6,0.2",0.01753813923045898,0.005429612541491789
"-1.8,-1.3",0.0031790655926976193,-0.004965327842087263
"-0.7,1.2",0.002193938063731199,0.0
"0.9,1.3",-0.002765189179364674,0.010929862076805047
"0.4,-0.3",-0.003533309478617793,-0.011114978497808237
"0.5,-0.5",-0.011234698495617177,0.007616552926444101
"0.3,-0.4",0.02076149332955527,-0.0028690190660171254
"-0.9,-0.9",-0.0006801429347542147,-0.015911380314979094
"0.9,0.4",0.018345886402692715,-0.010777887705703596
"0.6,0.4",-0.007274938120992952,0.007155466002876314
"0.2,-0.4",-0.0060928687468216735,-0.002965369193563822
"0.5,0.2",-0.008942377873357167,-0.007075797979592038
"-0.5,0.1",-0.0035552207319723217,0.002941158883602212
"-0.9,-1.0",-0.008279672524563153,0.0021234373075851008
"0.2,-1.3",-0.0024675728125918258,0.022735558491518957
"-0.4,-0.7",-0.005644320578120695,0.004617842406038237
"-0.9,-1.1",0.0035292318425734813,0.0318528899077934
"-1.9,-1.7",0.0020965372229211593,0.0
"-1.0,-0.8",-0.001470295936576044,0.0004031696054899714
"0.9,0.1",-0.01401363752880197,0.05563917717550417
"-0.5,0.5",0.00961460017707632,-0.005000039867355858
"2.2,0.8",-0.0037808229248843753,0.01647630262108196
"2.7,0.6",0.005233557163641344,0.0
"-0.1,0.6",-0.001304983691420126,0.00010400323183802634
"-0.7,-0.4",-0.003612812476999066,0.004738588392168579
"-0.6,-1.1",-0.006220314380228427,0.004586601030264856
"-0.4,3.9",-0.00275935216427108,0.011299823047906499
"1.0,1.4",-0.013942535125442268,0.015520000450455254
"-0.6,-1.0",0.004596303162297478,-0.010965443487679586
"0.6,0.6",-0.004045337272686134,-0.007981145050232655
"-1.7,-2.8",-0.003627087900348319,0.00913843698869944
"-0.3,1.4",-0.011183851770693767,-0.012889122703171187
"-1.1,-0.5",-0.0016152716593245279,0.006921737169228133
"0.2,1.3",-0.002226146454557922,0.01034412478661108
"0.1,-0.5",-0.006491795530504838,0.0004902509280829909
"1.0,0.1",-0.009999993662489744,0.06661308233107185
"1.0,0.9",-0.002163123178130533,-0.004595228030629812
"1.3,-0.1",-0.0022225838360141275,0.0007647965016764047
"-0.3,-1.7",-0.0025502706849123095,0.018802617316791052
"2.6,2.5",0.002243310393551541,0.0
"-0.5,-3.1",-0.011093915854971749,0.011093915854971749
"0.2,-0.5",0.0022956708682702396,-0.011205977542067074
"3.1,3.5",-0.0003220037675344962,0.0008726302100184847
"0.2,-2.9",-0.0033701865327598318,0.009133205503779144
"0.2,-1.4",-0.003434689458215109,0.009308008431762944
"-0.9,-0.4",0.0025124552827306165,-0.002575838366443634
"-0.1,0.5",0.003694733867251095,-0.006333740119406284
"0.3,1.3",-0.002122019692819577,0.011780871743120362
"-0.2,0.7",-0.01036398056464738,0.03320095739407189
"0.1,-2.2",-0.0023517296142120062,0.0018283614201006972
"2.7,2.7",-0.012001506174196179,0.005088672130077142
"-0.3,-0.8",0.013189146796542974,-0.004860540325344584
"1.3,1.8",0.012785480304063077,-0.002479747974797473
"1.4,0.1",-0.014697130800274093,0.014213331161890235
"-0.2,-1.5",0.00021663257123055593,0.01412327041214426
"2.4,1.5",0.00042071122514390123,0.0
"0.0,1.6",0.005027626454845431,0.0
"1.4,1.5",-0.008053540914489255,0.021490472365928614
"-1.4,-1.2",-0.010014170415633546,-0.0008204053788085878
"-0.8,-0.3",-0.007155657673156411,-0.007592496222746194
"-0.9,-0.7",-0.007041376773467337,-0.002182893290278174
"-0.0,0.9",-0.0011872009008258512,0.004227594842131482
"-2.3,-9.6",0.0,0.0026760969224416662
"0.4,2.8",0.006487243212015481,0.0
"1.0,0.8",-0.011753448183975444,0.016020557168750796
"1.1,0.1",-0.025016076895928906,0.08000339231597339
"2.1,2.7",0.010526380413313888,0.0
"-1.8,-3.9",-0.0007157810828149804,0.0037342520982593204
"-0.8,-0.4",0.01897599873141339,-0.008333684926149486
"1.0,1.7",-0.01173020832289021,0.012032072111574223
"-0.9,-1.4",-0.003993509356979557,-0.0012704751296144005
"-1.1,-1.0",0.00607022968190752,-0.0036198325258008403
"0.1,1.3",-0.008323645625702227,-0.00032233106146198364
"0.0,0.7",-0.0035029886681143436,0.005474029964637869
"0.6,-0.1",0.0075471595554872945,0.00013219159167942668
"-1.4,-1.7",0.0,0.0013884297058768423
"0.0,1.4",-0.0006276425476604186,-0.00025703662577415904
"16.1,19.2",0.005918822906698372,0.0
"-3.1,-19.3",-0.00999877293986742,0.02709667466704071
"0.5,-0.3",0.005636408452537984,-0.0009531506982962984
"-1.0,0.1",-0.00041823456527963904,0.007525138298940135
"0.2,1.2",-0.00979599347219589,0.014290663462625511
"1.1,1.2",0.012855164118384431,-0.005451864041343509
"-2.1,-1.2",-0.0039133900266080015,0.0101478100581753
"0.5,-0.4",0.0,0.0
"0.2,-1.6",-0.0035262553388902525,0.01994154986271036
"-1.7,-0.8",-0.00011514111106023894,0.0004715143639027845
"3.8,4.4",0.0031051918735891452,0.0
"-0.5,-4.3",-0.0016324981017463921,0.005614160971905843
"1.4,1.2",0.0020681250268909344,0.0004800202030494239
"-2.1,-3.5",0.002656607675504596,-0.0007724942353895307
"1.2,1.2",0.008074856290123437,-0.00847137735702971
"1.0,1.0",-0.005826252481145557,0.02064158603280898
"-0.5,-0.9",0.0011748023875261682,-0.00949860908343188
"-0.9,0.3",-0.003926841361065947,0.007460998586025298
"2.2,3.1",0.0051431979318544985,0.0
"2.3,1.9",0.026039832863270173,0.0
"-0.2,-2.5",0.014060905209307223,0.0
"2.4,2.1",0.028820767782648134,-0.004245811501964367
"-1.9,-4.3",-7.001201351805218e-05,0.00032804759042005013
"-0.3,0.2",-0.005979404703402684,0.004116779404321755
"-0.7,-0.0",0.006788740810699719,0.0
"-0.9,-2.0",-0.0009116943036053805,0.011238385828821045
"0.3,1.2",-0.008173646972788173,-0.012524425531177667
"0.4,-0.1",0.0008937577892097627,-0.00621170311120429
"1.0,0.5",-0.004578105757047158,0.0028905121388783797
"0.9,1.2",-0.005520848746814956,0.008798846029350063
"-0.4,-1.3",-0.0011816242180732496,0.005813744853660792
"0.7,0.7",-0.007360651003472492,0.009458659696105955
"-1.2,-2.3",0.031064569202767164,0.0
"-0.1,1.1",-0.004328534582209498,0.005538854010435546
"-0.2,-1.0",-0.0018130435953724112,-0.003855464016862491
"4.3,3.7",0.01681976764285681,-0.002582406092228732
"-1.2,-5.5",-0.0003017241257968283,0.0005732758390139738
"0.9,0.5",0.0025709025020761306,-0.0025545200402432183
"-0.8,-0.6",-0.00862165450536231,0.006536911137046818
"0.9,0.7",0.010106227152233825,-0.007859450087049344
"-1.7,-2.1",0.001988359711158437,0.0
"-0.1,1.6",0.012049649808844029,0.0
"-1.2,-1.0",0.0022258018592509563,0.0001250833985954146
"-0.9,-0.1",0.06684001006006365,-0.009974292354309761
"-2.3,-1.3",0.00245532085915003,0.0
"1.1,1.3",0.007866808439763203,-0.005845785182530959
"-1.0,1.7",-0.005682053353743089,0.008104402415075668
"1.1,2.2",0.009853733743426157,0.0
"-1.0,-1.7",0.0021180293182666505,-0.0003223758962913216
"0.0,1.0",-0.008449766632508102,-0.0032747368234126986
"-1.5,0.2",-0.009610419249419397,0.03935562786829737
"3.4,4.9",0.003029330198328034,0.0
"0.6,3.8",-0.0009877692353968573,0.02352585737643547
"1.0,3.1",-0.004804893507516966,0.009129297664282235
"-1.1,-0.7",-0.0027751408589557687,0.013152118983812862
"0.1,1.2",-0.009313081515157081,-0.012167190536571764
"-0.5,-2.0",0.015388062789403951,-0.0037193769216135163
"-3.4,-3.0",-0.0009373169302870473,0.001939065213873532
"-0.8,-2.7",0.012543788573944862,0.0
"-1.3,-0.5",0.0016954404379366029,0.0
"-1.9,-1.1",0.007138778139866954,0.0
"-1.2,0.7",-0.010024602776755539,0.019046745275835525
"-2.2,-2.3",-0.0003599712023038123,0.006041001920820083
"0.1,2.4",-0.0001912960306073608,0.0005184122429459479
"1.4,0.4",0.008337848486901387,-0.0023189419127868692
"-0.2,3.4",0.008208041429783217,-0.0020043567751173883
"-0.6,-0.1",-0.0019182995195695866,0.010544679625985294
"-0.5,0.6",-0.0005639873193117785,0.022560925924353967
"-0.6,0.1",-0.0007577279869942066,0.004306156263434599
"-0.7,-1.7",-0.0033849575015868737,0.014062296444703136
"1.5,2.2",0.002186783555983009,-0.0019976842542971033
"-2.4,-1.6",-0.0005830903790087339,0.0020052478134110355
"0.3,2.7",-0.0005590062111801308,0.0005590062111801308
"0.4,1.3",-0.008060608844540615,0.022871150959029033
"2.2,1.8",-0.0003452034877032569,0.0
"0.2,-1.2",-0.0019053557477212706,0.011869016275836202
"1.1,1.1",0.022801045243341124,-0.012592850127010861
"-0.1,-1.2",0.0014848034386749573,0.011160308027638881
"-0.4,-1.7",-0.002166089538723914,0.019308800555370747
"0.5,0.0",-0.03720052305982504,0.05597629156842119
"-1.1,-1.1",0.025370839679704073,0.0
"0.5,0.9",-0.0043216580911864914,0.0013829552266680363
"0.8,0.3",-0.002381128366164047,0.006434923030520222
"-0.8,-3.3",-0.00021281620364271676,0.00040435078692116185
"-1.8,-1.7",-0.0005919003115264727,0.006739130747811457
"-0.1,0.9",0.013858648006548195,-0.004223635136855102
"1.0,-0.2",0.018999993298587085,-0.009999996472940571
"-1.4,-2.4",0.00959746970067213,0.0
"0.2,-2.7",-0.001470037459645879,0.008372345357966299
"1.0,0.7",-0.0019135029639769105,0.001886953488463656
"5.0,0.5",-0.009998187261034554,0.03438376599069783
"5.5,0.5",-0.01899061627871331,0.04093077511734678
"-0.2,-1.1",0.0009675341728748714,-0.0028423536020034034
"-0.5,-0.1",-0.004781048873752812,0.00767325787425128
"-0.5,-1.1",0.0012374336610871822,-0.005310156782549423
"1.1,0.8",0.004801407350222152,-0.005143526554255963
"0.5,-0.6",-0.005907344128637465,0.0021729562854046337
"-0.2,-0.8",0.0013123845592705194,-0.005486975646837557
"-1.3,-1.8",0.011249644864198254,0.0012686918495150438
"2.0,1.7",-0.0006384926358263638,0.0017303150430894461
"0.2,-1.8",0.0025480597982328575,0.0
"3.0,8.7",-8.599409945782712e-05,0.00029573370803546745
"0.1,-2.9",0.0,0.025211905979452973
"-0.0,-1.4",0.0042179748942244265,-0.002542932792185865
"2.3,2.9",-0.008063111813042393,0.01150054369123415
"0.6,-1.2",0.0026908440986939588,0.0
"-0.8,-1.4",-0.009384951535878261,0.018602514293008326
"0.7,0.6",0.006547668664779192,-0.005099583662388434
"0.1,-1.0",-0.006341406755192981,0.0005712512177712681
"1.1,2.1",0.004354921183914362,-0.000929428563727164
"1.0,1.1",-0.005343212810873716,-0.0025121317952337963
"1.8,2.1",0.0067768896254474355,0.0
"1.2,2.0",-0.0012301285549491704,0.0012841015898386091
"-0.2,1.3",-0.002481923398103915,0.00957982374806889
"0.6,0.7",-0.005559263019799253,-0.009641042617479448
"-1.1,-2.0",0.0003189164662711037,-0.0011631449144909952
"-1.4,-1.4",0.012099114768100145,-0.0113552588173031
"1.9,3.3",-0.00114187865865938,0.002461109102671593
"0.2,1.0",-0.008880419263945062,0.0056452701360546875
"-2.1,0.8",0.006514286007462882,0.0
"2.0,1.9",-0.0006555006255128315,0.001840332678817791
"0.3,-1.6",-0.0012520582418537336,0.004541615740705836
"4.6,0.4",0.04681925087993742,0.0
"-5.1,-9.8",-0.0023462958939821817,0.009608316315446433
"1.5,1.5",-0.005042409673570275,0.0009755200976973356
"-2.0,-3.2",-0.0008694082476994217,0.004951565049612627
"0.5,2.5",-0.0020650026200399233,0.007101544010317297
"-0.4,-0.0",0.0027945307415601197,-0.018784546770376893
"-3.3,-4.6",-0.0007778927291178239,0.004765211476134521
"0.4,3.7",0.0042612052180535515,0.0
"0.7,1.6",-0.011556395643822914,0.000675705240325529
"-10.8,-14.9",-0.005453075797033262,0.03340442505192571
"14.6,25.4",0.003657300922456159,0.0
"-1.0,-0.5",-0.0017341946741203742,0.0028360262532192747
"0.5,1.5",0.015361239847643636,0.0
"0.4,-0.0",0.00529390319298465,-0.00404253876132434
"-0.5,-2.7",-0.000648248256724735,0.0026546414361134623
"1.6,0.7",-0.00736315393818229,0.025201097367238728
"2.6,1.0",0.017049370044793958,0.0
"-0.4,-1.0",-0.004643557585710722,0.005169527518507312
"0.5,1.8",-0.014448499330146143,0.026981475643102805
"1.9,1.4",0.009259386536797068,-0.0034167477995561135
"0.0,0.8",0.012749527323729665,-0.007993683400449654
"1.8,1.8",0.005041801335627888,0.0
"-1.1,-1.2",0.0019155127343987832,-0.00013357357429197173
"1.5,2.0",-0.0006176726543652207,-0.0011560698838861377
"-0.6,-2.1",0.0024279636480596146,-0.01176527088897453
"3.4,3.8",-0.010013141384623241,0.019024968630784157
"1.1,1.6",0.0043677455339419646,-0.00398130822632458
"0.3,-0.8",-0.010248061535596792,0.005828447377962531
"0.8,1.5",-0.0012138884709672884,0.031167194493835454
"-1.2,-0.7",-0.00026738304304046523,0.010212210870689005
"-2.4,-2.4",0.01166641218797943,-0.0020484180003015155
"-0.4,1.9",0.00025759529442492043,0.0
"0.0,-1.4",0.008637174618246746,-0.0011487950189009461
"0.6,2.6",-0.0009243701786453896,-0.000652097580808907
"-1.0,-1.8",-0.0023447758070539314,-0.0010538641686182655
"1.2,2.1",-0.008639115671368078,-0.006765956895632216
"0.4,-0.8",0.004503556037500318,0.00023086286798618735
"0.9,0.8",0.006766779379255152,-0.009404149300035516
"1.5,0.7",0.009261241541028378,-0.0012597248452961137
"-0.4,-1.9",-0.008055869833990514,0.0411236533230047
"0.7,0.2",-0.007495760282269271,-0.010967392618052874
"-0.6,0.7",0.0018372225404111047,0.0
"-0.7,-0.2",-0.0021756003766042883,0.005095811116620991
"-2.5,-0.9",0.0035677024769762518,-0.0005199296953067186
"-0.1,2.4",0.0038943331035522105,0.0
"-1.9,-4.8",0.021813098592283642,-0.005326633926469107
"-1.6,0.3",0.018541059806518923,0.0
"0.6,1.4",-0.02710000125772421,0.02604481691038001
"0.2,1.5",-0.01004965390632239,0.025981261245223847
"1.4,2.6",0.005770363084125438,0.0
"-0.7,-2.1",-0.000441026434074816,0.001065354663931328
"-0.7,-0.1",-0.0034290762010318306,0.008237233760920679
"-1.0,-1.5",-0.00016233802548706297,0.006347498102037738
"1.1,0.6",-0.0019186364904126237,0.016282121355603623
"-1.0,-3.7",0.012972256910035056,-0.002254140129420815
"-1.6,-1.8",-0.0042332098871411,0.01952781920638913
"0.7,2.3",-0.0026196002258137467,0.004741476408722882
"-0.4,1.3",0.014299943079227698,-0.0031606698910824783
"-1.0,-1.0",-0.00862893668806912,0.003533772045111516
"0.7,1.1",-0.007997933790716578,-0.00735382641837361
"-0.3,0.5",-0.002216620863553148,0.005529850901606203
"1.0,0.4",0.011853176723720306,-0.008109919071686457
"1.8,0.8",0.0034958453225608834,-0.0012899798238232042
"0.6,0.9",-0.006992541205932198,0.009175237475710906
"1.8,1.3",0.014864560762050585,0.0
"-0.2,-2.0",0.009260374898874654,0.0
"1.1,0.2",0.003081623446012033,0.0
"-0.5,0.9",-0.002276166391507052,0.020531035099047672
"-2.4,-1.9",-0.0006333045763326391,0.0041248492454878305
"0.9,2.7",0.000943252547693718,-0.0006311522114086297
"-0.2,-2.1",-0.00159610138649679,0.002276544609161211
"-0.0,-1.3",-0.00010965275458382637,0.0038266789576770184
"-7.9,-5.0",-0.0003801277844202615,0.0010301462957789088
"1.4,9.3",-0.0008914954433496797,0.004650959364314023
"-0.6,2.4",0.02989649371774336,0.0
"-3.2,-2.6",-0.0006985085897678018,0.004278920503492596
"0.6,1.2",0.005144734812169355,0.0
"2.3,2.0",-0.0035170610080499224,0.018348616307887696
"-0.2,-1.3",-0.00534480982153954,-0.004268761648128628
"-1.6,-0.7",-0.0005971926543466924,0.002053745538298275
"0.2,1.8",-0.0022131806490283323,0.009386646391872519
"0.3,-0.9",-0.0006122454403194734,0.0043068526441716335
"0.8,0.4",-0.00461657335384275,-0.006169610531447726
"0.4,-0.6",-0.005518154333087166,-0.00456435176787938
"0.7,0.4",-0.0034003316236785822,-0.00530527071654
"0.9,0.2",-0.0009069799727866126,-0.0026195497134526903
"0.8,1.6",0.024749438410259925,-0.00861297212687797
"-0.5,0.4",-0.006973178532381138,0.00448206171058938
"-1.3,-1.6",-0.0012496528259194114,0.004828063592972293
"1.4,1.9",-0.003107343366598012,0.0
"0.7,-0.3",0.008417113257511334,0.0
"-0.8,-1.5",-0.00390869088476165,0.009772344576092511
"-2.4,-1.2",-0.0013790531869579462,0.008447797269096901
"0.3,2.8",-0.00044118006337551583,0.001517218237948399
"0.2,-0.7",0.0025487332315042585,-0.003770765037506639
"0.5,1.1",0.009439848279169947,-0.003238887439407238
"1.6,2.0",0.011456143794909614,-0.002229151690942305
"0.6,-0.5",0.013823661695359212,0.0
"32.1,35.2",0.0,0.013378138410266626
"1.6,1.8",-0.0017876169846484267,0.0028834248455574404
"-0.3,-2.0",-0.0012416438735283193,0.0032587061397792915
"-0.4,1.0",0.013215946535124787,-0.00442105133266169
"-2.0,-1.6",-0.0006011646731719273,0.002067405311038258
"1.5,6.0",0.0031149643218291918,0.0
"-0.4,-2.0",0.006802878274622664,0.0
"-2.4,3.9",-0.0027889550174193057,0.009591216304904993
"2.0,4.4",0.00330858558488814,0.0
"0.1,-0.9",0.020176439957788863,-0.002256491188296245
"-2.3,-1.4",-0.0073193898725012335,0.0
"0.5,1.3",0.0033548860497756893,-0.00025611998932945117
"-1.4,-0.6",0.024704571971653384,0.0
"0.8,1.4",-0.0026008422949649673,-4.1335312743479534e-05
"-1.8,-2.2",0.01083597924272433,-0.005710361583595468
"-0.9,-0.6",-0.002262078721467389,-0.0019910876938428025
"1.1,4.1",-0.0008363438423454274,0.008240391845496051
"-1.1,-2.2",-0.006993516827777808,0.02265359695743432
"-0.4,0.0",-0.006406535234372655,-0.00859415787684812
"-1.6,-2.2",0.016446250447111406,0.0
"-3.0,-1.4",-0.0012673076470918398,0.004358270998348838
"-0.0,1.2",0.0007027488760837353,-0.001208887825966314
"-1.6,-1.2",0.005770948369371233,0.0
"-0.8,-0.9",0.003264708839271653,-0.006838696216620238
"-1.2,-2.2",-0.0014587849502203046,0.01007236624065717
"0.2,1.4",-0.0007677547874989397,0.020890989462904658
"-0.5,-1.0",-0.01176224596936995,0.006582247981569762
"-0.6,-2.2",0.002925768531764763,0.0
"1.8,1.6",-0.004686476103895962,0.011136250168536614
"-0.8,0.2",0.022149712794311115,-0.003834611537179055
"0.4,1.8",-0.009237097597162822,0.014077398122756143
"0.4,1.1",-0.007780565580828087,0.004984831097378537
"-1.0,-0.4",-0.008402734164146355,0.011029160402998266
"1.2,0.8",-0.0014092552889340138,0.018256807393406953
"1.3,0.7",-0.000668574157526608,0.002489153813457574
"0.3,1.6",-0.0015445923853265623,0.0028848048167713003
"-0.3,-1.4",0.002998788416570207,-0.0062555846547618435
"-6.3,-1.0",0.014978782943917945,0.0
"1.5,1.6",-0.000757288849374683,0.016875438041222053
"1.5,3.2",-0.007087689446491756,0.003511846806926582
"1.5,0.1",-0.01000000062108951,0.053493893051326936
"-1.4,-3.8",0.008159710391490937,0.0
"-0.8,0.5",-0.002326939217402793,0.005954889192409723
"-2.1,-1.6",-0.0007490665833602411,0.004588628413412572
"0.1,2.2",-0.003224455466943872,0.02011903975070586
"1.7,2.1",0.0018178965623066822,0.00035199684326837346
"1.6,2.5",0.00257975719875798,0.0
"-0.1,-1.7",0.007497324476131951,-0.0019636462138227745
"0.6,1.5",0.006202503127541978,0.0
"-1.0,0.4",-0.00043898156277435415,0.00043898156277435415
"0.8,0.9",0.0016596913058261277,-0.007247913114072801
"1.0,2.2",-0.0016336272555905668,0.0016336272555905668
"-1.1,-0.9",0.002399506507325114,-0.002682959406255149
"-0.5,-1.2",-0.004104580301873287,-0.002459573572629266
"3.3,3.3",-0.0005869781489255719,0.0022782290533169746
"0.1,2.1",-0.002619047407810682,0.009006904035460934
"0.4,-1.2",-0.0036227744637349407,0.00880750090229219
"-0.5,-2.1",0.0016298126814367105,-0.0003979909358591268
"-0.6,0.3",0.001249260005661246,-0.0019309167241679925
"0.9,1.5",0.011542179465755985,-0.0018467518422220913
"-2.2,-1.1",-0.003985873787287702,0.004548462285136435
"-0.0,0.8",-0.006283669922319041,0.0026129994313875047
"0.9,-0.1",0.030096742652482338,0.0
"0.6,1.3",0.001519397774516612,-0.004099777981491997
"1.4,1.4",-0.002549716067338636,0.004033258252845971
"-1.1,-1.8",-0.0037490403473611367,0.015352695126478591
"1.6,0.1",-0.007361996144419823,0.05160306826773944
"-0.8,-1.6",-0.0034257080346486194,0.010342753537706804
"1.7,1.0",-0.00992248213576124,0.02955504061312426
"1.9,0.2",-0.008133521831982841,0.06725245104277214
"1.3,1.6",0.003964752709053,0.0
"-0.3,-1.6",0.007892702645756722,-0.0006891267209144138
"-4.1,-3.8",0.046815019539837396,0.0
"-7.4,1.3",0.0,0.0034207315030652875
"2.7,10.2",0.020994829692655162,-0.004024286934974157
"2.2,2.1",0.0014004250774934876,0.0
"-2.0,-4.2",0.003961437503407269,0.0
"1.3,1.2",0.01824535005455889,-0.006875883090460916
"1.2,2.7",-0.0058139613248860585,-0.0032135823825142603
"-0.2,1.1",0.004959286204131184,0.0
"-1.5,-0.5",-0.003923663348518034,0.018384677749182614
"2.5,4.0",0.013895355688202916,0.0
"2.6,9.8",-0.006865868896373023,0.03910337468325548
"23.6,20.9",0.01517713719574634,0.0
"1.9,1.3",0.0072682976259409076,0.0
"-0.7,-2.7",-0.00044365572315882454,0.0012023070097604144
"1.2,1.3",0.01628866547951086,-0.010839544348320788
"0.2,-1.0",0.007612129649705133,-0.00022970775549257876
"1.6,1.6",-0.0032574872634760907,0.008062093985530821
"-0.1,-2.4",0.00491113366903435,0.0003567573731959676
"-0.9,-3.9",0.015062451770078807,0.0
"-1.8,-0.9",-0.004413867027984066,0.010815373089662269
"-2.0,-2.0",0.06179384231527166,-0.013469716383000114
"2.6,1.9",0.0013461375860092254,0.0
"-0.1,-2.6",0.003193733831560767,-0.0011784995688416114
"0.4,1.2",-0.0020948933754348377,0.021009308351275003
"-1.2,-1.4",-0.0007736214418310218,0.015269490177427205
"-0.4,-2.3",0.0025607359153842282,-0.0022641968138603797
"-0.5,0.2",-0.0034056429050154484,-0.00160684503056023
"0.1,1.0",-0.005015251740968542,0.0032155377923969936
"0.5,1.0",-0.002066998850803926,0.0032819868250540804
"1.1,6.2",0.011217363617066458,0.0
"-1.1,-1.3",-0.001322093512375814,0.01550605402349156
"1.1,1.4",0.007123451986982117,-0.002975400346242169
"0.6,2.2",-0.00708688135864177,0.03320622042523829
"2.1,1.5",0.004741777937602222,0.0
"-1.5,-0.0",0.00020969658488827116,0.0
"-0.0,1.4",0.005617041921065539,-0.0017815730466802444
"1.2,0.6",0.02700245536136047,-0.005762871988663214
"-1.2,-2.4",-0.002706766917293229,0.00733533834586465
"2.2,3.6",0.006641845849186137,0.0
"-0.9,-3.1",-0.000656454433562836,0.002257546797022593
"-1.3,-1.7",-0.001471954728585893,0.0021069132586123756
"-1.0,-1.3",0.00016363787675892014,0.0022318654904771433
"6.9,7.0",0.007682989668987028,0.0
"-1.4,-0.5",-0.0009105527408789006,0.004942503221244613
"0.5,1.9",-0.0068884467674307365,0.01344593316548501
"0.0,-1.5",0.0202422870286512,0.0
"0.7,1.2",-0.015055982521530283,0.000511429377463092
"-0.7,-2.4",0.00920544315332264,0.0
"-0.3,0.4",0.02369622837481497,-0.0005000795174408328
"-1.5,-0.6",0.007222936364903541,0.0006484635900403975
"-1.6,-0.0",-0.000993639610728741,0.0034171266212961408
"0.4,-1.3",-0.0100000033077107,-0.001218752602081743
"1.2,0.7",-0.0197273583079045,0.011120766905762204
"1.6,1.7",-0.004217718591593127,0.01453890329463874
"1.2,-0.4",-0.0023061286091182204,0.006249608530710377
"-1.2,-0.8",0.0067689418745537945,0.0
"3.5,0.3",0.054206430243714646,0.0
"-3.7,-7.2",0.019661676212078306,0.0
"0.3,-0.5",-0.005928601060494588,0.0048280256115177346
"-0.4,1.2",-0.0007095865502541672,0.0013482144454829178
"2.4,2.9",-0.0030608171743238084,0.0030608171743238084
"1.3,0.9",-0.0050773503732227734,0.02217424597680321
"0.7,-0.9",-0.005056709666039494,-0.0010950878482677336
"1.8,2.6",-0.00019774789146306186,0.003364063348953991
"-1.7,-2.3",-0.00043942657312327706,0.00043942657312327706
"0.1,1.8",0.020361563253268114,-0.005053988604653648
"1.2,1.6",0.021731778229974213,-0.006344123677306105
"-1.9,-2.9",-0.009823299857246658,0.03378232820907126
"1.9,3.9",-0.0007253849672078996,0.0021743711799893347
"1.0,0.6",0.008148555376590958,-0.0052011951481008645
"-0.6,-3.4",0.003616468259064964,-0.0013344901324962967
"-0.8,-0.1",0.0029863777187889955,0.000493468923151576
"-0.4,0.7",-0.0008241199522807589,0.030050071913974546
"0.0,2.2",-0.0019181816273764214,0.006596626616547513
"2.1,2.1",0.0053715200934226735,0.00014333952612024224
"4.0,3.3",0.0,0.011049917460317452
"1.0,-3.0",7.618520159502251e-05,0.0
"-0.8,-1.2",0.003311324795450128,-0.002674419836621319
"7.0,6.6",-0.0004284612755580136,0.0008140764235602259
"0.3,-6.6",0.002577072856669418,0.0
"-0.3,-1.8",-0.004076646139503632,-0.005736268654846509
"0.3,-0.7",-0.001198744908252289,0.004516484132673874
"2.3,2.8",0.011705295854730163,0.0
"-0.7,-3.0",-0.0010150215083128125,0.0034906589670877625
"0.1,-1.9",-0.0001886792903997981,0.0006488680796849057
"-0.4,-2.8",0.005309135842354795,0.0
"-1.4,0.3",-0.00138316621228472,0.0037483804352915918
"1.2,0.9",0.023293032020869693,0.0
"-1.0,-2.2",-0.0005744250645757428,0.001635875150410614
"-1.6,-1.4",0.016593511840626525,0.0
"-0.0,1.6",0.001743632798361685,-0.001743632798361685
"-0.0,-2.0",-0.008410336761605262,0.012708918845922403
"-0.5,-2.5",-0.0008918388635873703,0.008014301619189328
"1.2,2.2",-0.0006965529200972809,0.004266940471788144
"-1.3,-1.3",-0.00869968253434329,-0.011016723417274107
"-0.1,1.2",-0.0021676685586445635,0.009110454404786937
"-2.3,-3.0",-0.0021123603898890535,0.007264407380828456
"0.2,-0.8",-0.004344263884992816,0.0017377016155283869
"2.3,3.2",0.00107938821687367,0.0
"-4.6,-0.9",0.02609379240519668,-0.008705066054207993
"-4.5,0.0",-5.276516617864222e-05,0.00021607863201815775
"-0.8,-2.5",-0.00017688602818302575,-0.0005821687458537476
"-0.8,-1.3",-0.0024420477963358503,0.0034134604338442037
"1.0,1.3",-0.005531278321611918,0.007164056068583098
"2.1,0.0",0.010400540745291236,0.0
"-1.7,-3.7",0.013829546762938509,0.0
"-1.3,-1.2",-0.0010357429378374781,0.007567385108118193
"-3.0,-0.9",-0.0006144746254244197,0.002113178236834579
"0.5,3.6",0.0,0.0028810214313290477
"-1.1,-0.6",0.0012673415033693774,-0.0005764419589656531
"-0.2,0.9",-0.0014613285987990147,0.002086392914135361
"-1.7,-1.4",-0.0006857855361595976,0.004908345830072646
"2.2,1.0",-0.011953145199676638,0.011953145199676638
"2.5,-0.9",-5.6974160946683634e-05,0.0002669575587901714
"0.2,-2.2",-0.0016228389880835357,0.0029373385684312
"-0.5,0.3",0.013735949055602265,-0.0007311713788505529
"0.5,-0.1",0.003127254283267421,-0.002350203103860809
"1.4,0.3",-0.009562537913079273,0.013522959007850903
"-0.9,-2.2",0.027965770367682316,0.0
"1.5,2.7",-0.0008669528574131637,0.002349442243589674
"-1.2,-0.6",-0.00044060695789631215,0.0016985091941524508
"-4.4,-5.6",0.002210740839823859,0.0
"-0.8,3.5",-0.002213844789548827,0.0031576417787775373
"3.5,6.1",-0.00598659571537954,0.02805073301802522
"5.2,1.7",-0.00012861732312049583,0.0007325178287914749
"1.5,0.3",-0.001463038578611669,0.014690528642183637
"-0.3,0.8",0.009850151611556186,-0.0034336947614976967
"2.1,2.2",0.02543070204125259,0.0
"-1.8,-3.8",-0.000871402426664301,0.002996752945298531
"0.6,-0.3",0.015898198330510253,-0.005986630625975837
"0.5,1.4",0.010660235920103869,-0.0020058577489140365
"0.4,-0.4",0.0015950923056515295,-0.003317952788194113
"-2.8,-1.5",0.02705788646323031,0.0
"-1.3,-0.9",-0.0011748734838709334,0.006009042714073068
"0.9,1.7",0.0048345795163406875,-0.0015197001033960523
"1.4,2.2",0.008570201107899758,0.00039840694303628477
"-0.6,-1.3",0.0023128725188406997,-0.0022013858918296953
"-1.4,-1.0",-0.0140488361191612,0.02069309129040501
"-0.8,0.3",0.020647521959161707,-0.00363167671121694
"-3.0,-2.3",-0.0008874300067161352,0.0
"2.1,3.0",-0.0017136019190875772,0.0032558436462663968
"1.3,-0.8",0.001264466472880105,0.0
"-1.7,0.5",-3.7638668779734e-05,8.112321711573089e-05
"0.9,2.0",0.0034999104256548943,-0.00105133861849185
"0.5,2.2",0.008228848467879371,0.0
"2.2,3.0",-0.0018059709850903915,0.0034313448716717437
"-0.3,-3.2",-0.002572720154093232,0.006972071617592659
"2.2,2.5",0.006986329861672278,0.0
"0.0,-1.6",0.016717940181608437,-0.002935377993180768
"2.4,2.7",-0.00619063150254674,0.009945431829897225
"1.7,2.0",0.00035758285627572584,0.001653014379821741
"2.5,1.8",-0.002622817695690439,0.007201748013560834
"-0.9,-2.9",-0.00027984845127118196,0.0019202904196290904
"1.9,4.0",-0.00852103074209823,0.018365512101034983
"2.2,0.3",0.0014928614879880057,0.0
"0.6,2.9",-0.00788741107330654,0.03695717445097439
"1.7,1.8",0.0140873051736014,-0.004172772506282115
"1.4,1.7",0.007570025874114696,-0.0038602019742184053
"-1.1,-2.4",0.0056861092168302,0.0021967563883556053
"0.0,1.2",0.007370417463378274,0.003007522484716108
"-0.7,-1.3",-0.0005707568197482231,0.0042388772428279585
"0.2,-3.1",0.0026525178986835625,0.0
"3.0,5.2",-0.0035287353841150296,0.012135320985971587
"3.1,0.1",-0.0018874211043990114,0.007729178164624392
"1.3,1.3",-0.021488158906190484,-0.004647819022653844
"-0.4,0.4",0.027999317523952617,-0.008281164343146156
"1.4,0.5",0.003181248549836804,-0.003473136085321536
"-0.4,-1.8",0.0029607061848029607,0.01601395272212734
"-3.6,-3.1",0.001154088392885572,-0.00024630588525363336
"-0.9,-0.0",-0.0007707910750507277,0.0013951318458418171
"-3.4,-1.1",-0.0007290564981788349,0.003416059837301767
"0.5,3.9",0.024847175218111712,0.0
"-1.7,-0.9",-0.007313505215867553,0.007313505215867553
"3.8,4.1",0.0041301991549960795,-0.0008814683220247779
"-0.4,-4.2",-0.0009829171975338819,0.0009829171975338819
"2.7,3.5",-0.005273478373258913,-0.0014756907023105639
"-0.7,-3.4",-0.0012852807044569595,0.0012852807044569595
"-0.6,-1.8",0.0080788961862865,-0.003728282195808309
"0.3,-1.1",-0.0031613757711947883,0.004986966611495612
"-0.8,0.0",0.009412241509035243,0.0002466851680542655
"0.5,2.4",0.018649530656304893,0.0
"-2.8,-3.3",0.008515955930536306,0.0
"1.1,1.0",-0.0036016130902830432,-0.006798614379931806
"-1.0,0.2",-0.001327458465728349,0.005856217242361035
"0.3,-2.6",-0.006132860790293888,0.006132860790293888
"3.1,2.8",0.0055490209461187085,0.0
"-1.3,-3.9",-0.002266010192296094,0.009279538338471735
"1.6,2.9",-0.005091785944006005,-0.00134751442605467
"-0.9,-1.2",-0.00030581621567864914,-0.002944103707124561
"0.3,-1.5",0.0015179034482758298,-0.0004413793103448182
"-1.4,-1.3",0.00335522291573666,-0.0027387894992581363
"0.1,1.5",0.028169854044504596,0.00393277058292146
"1.2,1.8",-0.0033309997925999608,0.022282428713920156
"3.9,1.1",-0.0015993278011363786,0.003038722822159119
"0.8,1.8",0.0,0.0
"-1.0,-2.8",0.02208025682182991,0.0
"-1.2,-0.2",0.006321766723842187,0.0
"-1.2,-0.4",-0.0033324586874513523,0.009030963042993164
"0.3,-1.8",0.002320848397204155,0.0
"-1.2,0.2",-0.0037559115752175735,0.003653530730940085
"-1.3,-1.4",0.016740211707374286,-0.008299669482188769
"-3.1,-2.5",0.010280907978304797,0.0
"-8.7,-9.6",0.008990928184638255,0.0
"-5.3,-6.2",0.0013510639353294432,-0.0007110862817523386
"1.1,0.3",-0.001435911017706557,-0.0015357142718768666
"-0.2,0.8",0.00890591188314064,-0.0029040294804769592
"-1.2,3.7",-0.0024212610888970634,0.016614437033007533
"1.2,2.4",0.002519701707019542,0.0
"0.7,-0.5",-5.265617859978608e-05,0.005093952138792422
"-2.2,-1.9",0.009889553909151631,0.001053962378295915
"-1.7,-1.5",-0.0002780495704867779,-0.0019769097621908137
"-7.4,-8.5",0.002826250152692932,-0.0014875000803647011
"-1.2,6.2",0.0,0.0
"3.9,0.4",-0.002076975096817729,0.002962422374934761
"0.5,-3.4",0.0,0.0
"0.3,-1.0",-0.003238126906705425,-0.003485164234166676
"-1.0,0.3",0.004255108931159979,-0.0010390732658933795
"-0.1,-1.4",-0.001221724990986852,0.0031690316900221376
"1.1,0.7",-0.0010956271023546465,0.001989604059272671
"0.6,-0.6",0.016641619969649187,0.0
"-1.1,-1.7",-0.0006611570012636857,0.0017499758882862637
"3.4,4.8",-0.007142856733209757,0.019357141746998444
"-0.3,2.6",0.0012793762612269637,0.0
"1.3,2.0",0.0021229919566991213,0.0
"1.3,0.4",0.00785600309297874,-0.0012061635260753388
"-1.2,-1.8",0.0038039579686678275,-0.001657352411156965
"-2.1,-1.8",-0.007560619219545966,0.00532265754503377
"1.7,1.5",-0.008370303875951453,0.01833039894309137
"-0.0,-1.7",-0.0021594955204634414,0.013064573906061302
"0.7,-0.4",0.014332749390980351,-0.003560849314726741
"1.7,-0.2",0.011341385631137095,0.0
"-1.2,-1.5",0.017244642699437533,0.0
"-0.3,0.9",0.0009433053733061247,-0.003095322455254134
"0.6,-6.2",0.008170270300014727,0.0
"-2.5,-3.1",-0.0004653872373564753,0.0008842357509773031
"7.9,5.5",0.014144974501884382,-0.0030188246308115695
"-2.6,-10.5",-0.004189844837335008,0.01715783359337059
"-0.2,1.7",-0.0008715596330275124,0.0016559633027522737
"-2.9,-1.9",0.0,0.0
"0.0,2.9",0.0,0.0
"0.8,0.0",-0.0006057385759830197,0.0010963868225292658
"1.2,1.0",-0.0017200913251687662,0.0151801142263316
"0.8,2.6",0.014713520628480343,0.0
"-1.1,-1.9",0.023722933707224392,0.0
"-3.6,-1.7",0.0,0.0
"0.0,3.6",0.0,0.0
"-0.8,-0.2",-0.007096845372827966,0.02131205960950839
"2.3,3.1",-0.00015916325602546679,0.0008303596407457969
"-1.1,-3.3",-0.0005803711166727808,0.0005803711166727808
"-0.3,0.6",-0.0016013456364121438,0.002578015356635118
"0.5,2.9",-0.0022087864153759666,0.010349467540021477
"0.9,-1.4",0.00018371903792121065,0.0
"1.9,0.1",0.030434431756530142,0.0
"-1.4,-3.3",-0.0008545705436995164,0.0015467726840961247
"0.9,3.6",-0.0006200090978906362,0.0011780172859922086
"-1.5,-1.5",0.002844130651742415,-0.000832546816127176
"1.3,1.4",-0.006019703018040425,0.019521423711536062
"-0.2,0.6",0.011123473848808418,-0.0053699522023232605
"-1.8,-1.4",-0.0009119222199313558,-0.001133738680831386
"-0.2,1.6",0.01872294140309977,0.0
"0.4,2.1",-0.0008025682182985555,0.003760505617977529
"-0.9,-3.0",0.024117290373788992,0.0
"-0.9,0.0",-0.0028551913761750607,0.001502732303250032
"-0.7,-2.6",0.007710759386006959,-0.002242151609772306
"0.9,-0.4",-0.003583066201000003,0.01723416579919247
"2.1,2.0",-0.002147207646604268,0.005818932722297566
"26.5,29.3",-0.0017019554067681604,0.0017019554067681604
"5.0,-21.5",-0.004203605646084122,0.007986850727559832
"0.0,-1.2",-0.0026818328159785164,0.003650358290297604
"-0.6,0.0",0.011218145514531442,-0.00011188797375161219
"2.1,2.3",-0.00035382574082265305,0.0016578823529412147
"0.1,-2.0",0.006807844865579553,0.0
"6.1,0.5",-0.004790417994110691,0.022445934649025116
"3.2,-2.9",0.013989828530583162,0.0
"0.8,1.9",-0.000156492478532683,0.014669714302675996
"-0.6,5.0",0.01747357191555269,0.0
"-4.0,-3.4",0.018466644851508774,0.0
"-3.1,0.5",-0.002145641111084385,0.0073788597810192
"5.8,8.9",0.026007881564116195,0.0
"3.6,0.3",-0.00999498977920061,0.05694547085815148
"1.4,0.7",-0.0004919454619823507,0.009381159913821917
"-1.8,-0.8",0.0012675865577023867,0.0
"0.7,2.1",0.004979713391043807,-0.0005347597315950646
"-2.2,-2.2",0.0021275665508110777,0.0
"-0.2,2.0",-0.002730466955606681,0.01118153522990492
"1.4,-0.1",0.02361501666773544,-0.002616821645315385
"-1.2,-2.6",0.002126915113759617,0.0
"1.8,1.7",-0.009765185544060546,0.03998941132148234
"-4.7,-2.0",-0.0007216959855660649,0.001955796120884036
"0.3,5.0",-0.004903716972682501,0.01686388266905512
"-1.9,-3.7",-0.0008861490452692152,0.003628868955281963
"-1.0,-1.9",-0.0002301832811811116,0.014940293239192737
"1.9,1.7",-0.005516201366886563,-0.004709556043461157
"0.8,1.3",-0.019078187922110697,0.0711997448511345
"1.3,1.1",-0.0035634789588982955,-0.003566907152168839
"-3.0,-4.2",0.03176322204583042,0.0
"-3.6,-0.6",0.007867865138935302,-0.0029032712689798165
"1.2,4.6",-0.0021162349968414347,0.009915809538850259
"0.7,-0.6",0.02273209306617819,-0.0020661154289276745
"2.3,2.6",-0.005641659386424498,0.026434502804436762
"0.7,-0.1",-0.0028290447892140988,-0.004963498119652179
"1.1,-1.6",-0.0009129655414812017,0.0037386851889196692
"-1.5,0.8",0.014957594016069758,0.0
"-0.9,0.6",-0.0005302339026619552,0.008812841697351196
"0.0,1.8",0.0035469444742403863,-0.001650754158261618
"0.8,3.5",-0.009035827741293143,0.013654102650689871
"1.2,0.4",-0.0010666656662299213,0.0043681025697781505
"-7.1,-5.4",-0.0012750861716444056,0.002422663726124371
"1.1,8.2",0.005021363080887669,0.0
"-2.1,-1.0",-0.000991472549496709,0.003409674097719182
"0.0,-1.0",-0.005206449010411866,0.02201693064988629
"-0.2,-1.8",-0.0008051929227027102,0.020406838017979014
"-0.1,2.7",-0.0008070305560987486,0.003781414303350736
"-0.6,0.6",0.01809788415035115,0.0022988534612199073
"-1.2,-0.5",0.0006865942758749431,0.005219210432658078
"-5.3,-4.3",0.02126674006937268,-0.007847505560654125
"-1.8,-6.6",-3.445056824316846e-05,0.00011847550418825632
"-0.6,-1.6",0.0037672410061458947,0.0
"1.6,1.4",-0.001081389305167215,0.06991997673889638
"0.9,-1.3",0.010137449545899237,0.0
"-0.7,-1.6",-0.0017857120563260663,0.010945738180143454
"-1.4,-1.5",0.004118390848018842,-0.0014048237842859733
"1.5,1.4",-0.005047107052224723,0.008619849888084008
"2.9,0.3",-0.019005757791277382,0.034400421602212065
"3.2,0.3",-0.009988713318284423,0.0569290290795426
"1.8,0.5",0.004361409484434708,-0.0013527514178360996
"-0.5,-2.4",-0.002484668887765461,0.00453221695338374
"-1.2,-1.9",0.0039014440947635507,-0.006425075817828721
"-0.7,0.5",-0.0006666666666666617,0.0022926666666666495
"-0.4,-2.4",-9.401080098185393e-05,-0.00013719144575087176
"-0.7,-3.1",-0.0061793915708086965,0.005530647217685979
"1.9,-4.3",0.003527209916545666,0.0
"3.3,4.1",0.029632706401888705,0.0
"-3.3,-6.6",0.027564286657395895,0.0
"2.9,2.6",0.031837181736675525,0.0
"2.1,0.2",-0.0270759325044405,0.03435945825932505
"2.2,0.2",0.0,0.0
"1.3,2.2",-0.00013821058391688093,0.0003745506824147473
"-2.3,-2.5",0.0,0.0
"0.5,-0.0",0.012005157436306943,-0.0012190069684838195
"-1.5,-1.0",-0.0020578429222883866,0.013258317056716996
"-1.5,-1.2",-0.002148846462588702,0.009844308268077825
"0.4,2.0",-0.0027874581506157443,0.009147178816794926
"2.2,4.2",0.02120368083663994,0.0
"-1.6,-3.9",0.00983420725841715,0.0
"-1.0,-3.5",-0.00012531328320800997,0.00012531328320800997
"-1.7,-1.8",-0.0005913296741540203,0.00014360741893847137
"-1.9,-3.5",0.0,0.003546544873584611
"0.6,2.4",-0.001930148894055593,0.00023256391507282738
"-1.1,-2.5",0.0037215895558748327,0.0
"3.3,3.4",-0.0018370314327637877,0.011964981783730422
"0.7,-2.7",-0.00448294345284636,0.008517592560408084
"-2.1,-5.3",0.03663743458564976,0.0
"-5.3,-3.2",-0.0007348232400557759,0.002527057122551814
"2.2,1.9",-0.0013370224305174771,0.01042217874247438
"-1.6,0.2",0.007160228648285132,0.0
"-1.9,-4.0",-0.0003629765840391465,0.0006896555096743784
"1.0,-0.1",-0.0022831049913087224,0.00934954324990835
"0.5,1.6",0.005357858149747112,-0.004667277386932197
"-0.9,2.8",0.004357134658668357,0.0
"-2.6,-1.7",0.0,0.0
"0.5,-0.9",0.0037287762365145073,0.0
"2.7,2.2",-0.0034634763268266977,0.009386020845700352
"1.0,-1.6",0.007010562765665902,0.0
"-1.1,-2.1",0.013068506629445323,0.0
"-9.0,-16.2",0.004019253447860472,0.0
"-3.1,5.9",-0.0052342127200734724,0.01418471647139911
"-0.9,-1.6",0.009316069051270751,-0.004275636273845906
"-1.0,-1.2",0.026577285954012687,-0.007935818822467728
"1.2,1.7",-0.007487689290945516,0.016613082144985816
"-0.6,-1.5",-0.0036371144468793134,0.0028494777005797552
"0.3,3.2",-0.004253265348518347,0.012749337266063032
"8.7,8.4",-0.00026936864378390333,0.0009263587659728436
"-3.9,-3.8",-0.0008619720037115937,0.0040388474008710065
"0.8,4.7",0.00019084280819212603,0.0
"-0.5,-2.8",-0.0013059286080243948,0.0013059286080243948
"-0.9,0.5",0.013294235815565103,-0.005390793485894774
"3.4,4.1",0.0018655605607571693,0.0
"-0.2,-3.6",0.0,0.0
"-1.6,-0.8",0.001998866248944198,0.0
"0.8,-0.1",0.011615882204011592,0.0
"2.9,4.0",0.009339442448376931,0.0
"-0.9,-3.8",-0.0010192091624065824,0.0019364974085725065
"-1.0,-1.6",0.007400233051751423,0.0
"-0.4,-2.7",-0.0007390105904427947,0.0038554411596683643
"1.9,1.6",0.00500451844624648,0.0
"0.7,0.0",0.0020414920841309078,-0.0011193452538355573
"-1.8,-1.9",-0.0019266050348243752,0.015519937764668014
"-0.3,1.5",0.0032776895170196895,0.0
"-1.1,-1.5",-0.0034462067346949146,0.005564586839711814
"0.1,-1.1",0.0038435516536089813,-0.0011726522311353161
"0.5,2.0",0.00509751377186875,0.0
"1.5,1.9",-8.783345174998192e-05,0.00023802865424245098
"-0.4,0.5",0.0064238617266116575,0.0
"1.3,1.0",0.0302317521936679,-0.003346329279491034
"-1.5,-2.8",0.017648811125362325,-0.003766614476589357
"0.2,2.2",0.00962013556838362,-0.0007750024576532328
"0.3,2.0",0.0038637468044886098,-0.005181260250165849
"2.7,0.4",-0.0004175373681037359,0.002378012221853777
"0.3,-2.4",-0.003786753734361108,0.015507135217582171
"1.3,0.0",0.0051118517115569025,0.0
"-0.6,-1.9",0.01691413251345891,-0.0013268343882230811
"1.5,3.9",-0.003454383289835042,0.01414604501020348
"0.8,-0.8",-0.0014982863756074652,0.009178195353075834
"-1.0,-2.1",-7.429613954654215e-05,0.003893637662767378
"2.0,2.1",-0.0025336525278429295,0.000662502087474575
"0.9,1.6",-0.0013044206100130571,0.0032168316663532
"-1.2,-1.7",-0.0007011370172937913,0.0013321603328582034
"-0.6,-2.4",-0.0005980208877468783,0.0006785395918956975
"-1.6,-0.6",0.0,0.0023213207921397565
"-1.8,-2.1",0.026385723283449396,0.0
"1.4,1.1",-0.0009532882890244065,0.0029752853975611353
"-2.0,-3.5",-0.0011401103661423451,0.004668865960389517
"1.2,3.2",-0.004871932652695681,0.002084428870455235
"-0.5,1.5",0.019483852046670067,0.0
"-2.8,-2.3",0.00016114601170885964,-0.00016114601170885964
"0.0,-2.2",0.016188497341157085,0.0
"0.2,-1.1",-0.0058212051143961795,0.00439440966188573
"1.8,0.2",-0.0022448973268096857,0.04093517668410465
"0.5,-0.7",-0.0023126454615981264,-0.0024081680359325157
"-2.7,-3.0",-0.002311812364239284,0.0043924434920546394
"-5.7,-6.3",0.0,0.017564001784869093
"-0.0,-1.6",0.010658349988813284,-0.0008630645480828527
"0.1,-2.6",-0.006562105132812673,-0.00656334101839804
"-0.5,-2.2",0.004303127251783672,0.0
"2.7,2.9",-3.066588762348481e-05,0.00010545998753716426
"-1.9,-3.4",-0.0004444460730041184,0.0004444460730041184
"-1.5,-1.6",0.007015963616688704,0.0
"1.5,1.3",0.011342418697241301,0.0
"1.3,1.5",-0.007454174795810351,0.021632848460869956
"-0.9,-0.5",-0.00013066134998032856,0.001399334750209831
"0.0,2.8",0.0058084537620529,-0.0016889949875117478
"-0.2,-1.4",0.0018380102546311408,-0.002296950225700852
"-1.4,-0.9",0.0008269101017441336,-0.000376561096442564
"-1.5,2.2",0.04096311926605503,0.0
"-3.4,-1.9",-0.004110489970404472,0.016832867477803354
"1.9,1.9",0.008902388285795355,0.0
"1.8,2.2",0.003495564332240214,0.0
"-0.5,-2.3",0.0,0.0062234873974112755
"-2.5,-3.0",0.03051556575278487,0.0
"-1.3,1.2",-0.0021859163630612364,0.003117807023103132
"2.4,1.3",0.007791684409502629,0.0
"0.5,-1.0",0.014605709414225895,-0.003117154811715471
"-1.5,-2.0",-0.0028377227135574093,0.02136944572242251
"2.0,1.2",0.004944764672820341,0.0
"-0.9,-0.2",-0.0032672614370995254,0.00565240378591432
"0.7,1.8",-0.0006233779689627261,0.0016994291671161724
"-0.5,-3.2",-0.003085143054119268,0.010609806963116161
"1.8,2.3",0.014089567337364235,0.0
"-0.0,-1.1",0.010153836343129701,-0.001979670549219306
"1.9,0.9",-2.570828868468135e-06,-0.0005564650147069086
"-1.8,2.2",-0.0006068255458471928,0.0024850112927988395
"-1.2,-1.1",-0.0004947899315064777,0.019063287342560065
"3.0,2.1",0.0,0.0010991904203116643
"0.1,-3.0",0.010707159388499471,0.0
"-1.3,0.0",-0.00043367346938774133,0.0017759362244897396
"1.0,1.6",-0.0024406301253690073,0.001736164530933754
"2.5,1.2",-0.001849755582842916,0.006361309449396789
"-0.1,-2.1",-0.003949728175071214,0.003949728175071214
"0.4,-0.9",0.0007671239352955391,0.005578382775256792
"1.5,1.7",-0.005600470092243634,0.0007235836764978576
"-0.8,1.1",0.0050059814937072206,0.0
"2.6,-0.4",-0.00019152849883146146,0.0
"0.1,-2.5",0.012960277249674723,-0.0031648255841553864
"1.4,1.8",0.004812540750268296,-0.0030219088936681154
"0.1,-1.3",0.0048113583631011056,-0.0006100970419496957
"1.4,0.8",-0.006666664296996482,-0.0023450979956897737
"-1.4,-1.6",0.004698867654255726,0.0
"-2.0,-7.1",-0.002290216196408941,0.007876053499450348
"-4.7,-6.6",0.004613113934304466,-0.0011264960402198885
"-0.5,4.2",0.002721634181481326,0.0
"3.7,4.1",0.003979616263379344,0.0
"-0.6,-4.3",-0.00016210475408605883,0.0
"0.0,-2.7",-0.004230532987313393,0.01454880294337076
"0.4,2.6",-0.010653187237018065,0.0018920010810852556
"-0.9,-1.3",-0.001664603276004274,0.007969977241926132
"0.8,-1.1",0.00847926051273207,-0.0020705869240634097
"-7.2,-8.0",-0.0014618342905038189,0.002645920065811912
"-0.0,1.8",-0.0005698778833107214,0.010455733785930801
"0.6,-1.0",0.0019139369877014757,-0.0010574237501113125
"-1.4,-4.1",-0.002846289126261765,0.005151783318533794
"1.4,1.0",-0.0003951952361623402,0.0007528817921625105
"1.1,-0.3",-0.00010628819848583218,0.0004352608016193314
"-0.8,-2.0",-1.300997793582349e-05,0.0016783770962846675
"3.7,1.1",-0.015679287493032386,0.010992858389948904
"4.8,1.1",0.006888836965958329,0.0
"0.3,-1.4",0.01000109648490023,0.0
"-1.1,-1.4",-0.0019054690059610662,0.0021560714290647315
"-1.6,-0.5",-0.000519773098839724,0.001787499686909811
"-1.1,-3.6",-0.007536445152316692,0.019791119725468695
"1.0,2.0",0.01440553279470819,-0.0030744330585279955
"-1.1,-0.1",-0.0005944515927045332,0.002706189173343622
"1.7,1.1",-0.000800228750109947,0.004174818196414847
"-0.6,0.5",-0.0008591701355826272,0.0041643844521195355
"-0.2,2.3",-0.019016016660546184,0.04689539868657294
"3.7,-8.7",-0.0043788171691631515,0.0094377337839158
"7.2,3.5",0.007581060788279916,0.0
"2.4,5.6",0.0,0.0
"0.0,-2.4",0.002554908178028027,0.0
"-2.2,-2.7",-0.0008623601530915773,0.004040666109724364
"2.2,2.4",-0.000936860503770211,0.0032218632724657554
"0.2,-2.0",-0.0025282899590859534,0.008747260589913734
"-1.0,0.7",0.0022618696762943605,0.0
"0.6,1.9",-0.007960062384536351,0.011353562664259742
"1.3,0.5",-0.002945040573345609,-0.001284084659275186
"0.6,-0.0",0.0020570446650124427,-0.000439015079213598
"-1.5,-1.4",0.012708993736358969,-0.004468547960998429
"1.4,1.3",-9.638773071059709e-05,0.0035177239271564384
"-0.4,2.1",0.0008347235863392057,0.0
"-0.2,-2.3",0.0058362839177286035,0.0
"-2.9,1.7",0.005604674131836854,0.0
"0.1,-1.5",0.025444573957013362,-0.009013962557642625
"8.0,3.2",0.0025378804950851406,0.0
"-2.9,-10.9",-8.597824304153318e-05,0.00016335866177891303
"3.4,2.5",-0.0003344484088434695,0.0017448277168370544
"0.3,-3.2",0.005733138648046946,0.0
"9.6,0.9",-0.010000947059380625,0.04686033753196326
"10.6,1.0",0.010591397558329798,0.0
"-1.9,-1.5",0.004866040256292777,0.0
"-0.4,1.6",0.0,0.0
"23.9,23.7",-0.0067908855379913,0.012902682522183469
"17.9,-6.1",0.0,0.0025161159895056356
"-0.2,-1.6",0.02707119686063646,-0.011371891391046444
"0.7,3.7",-0.0010965169807742815,0.0037709218968827547
"3.8,0.3",-0.0051361681968511205,0.024065978341483638
"2.1,-1.7",-0.0032492617011260962,0.016951499021887577
"1.5,1.1",-0.0004425376364404931,-0.0008495486397562641
"-1.2,-0.1",0.0007938604347532171,-0.00023084048698843185
"-3.2,-0.5",-0.0007055339956115916,0.001340514591662024
"-1.5,-1.9",-0.0008010049301539615,0.0028428314072229434
"-0.1,-2.3",0.0043714841762502975,0.0
"0.3,1.8",-0.0014334495893825125,0.006716557061514806
"1.8,2.5",-0.0007677523048811234,0.0016547486651150994
"-0.3,1.8",0.010503998993468234,0.0
"-11.2,-14.0",-0.005461968495794028,0.014801934623601819
"-0.3,-2.9",0.005830491730947712,-0.001031155113485976
"0.6,-0.4",0.017030861719300308,-0.00214477354684813
"0.9,-0.3",0.0005966717118073448,-0.0005140881692397791
"-0.5,-2.9",-2.6461262072337115e-06,0.00218544349256696
"12.5,7.5",-0.0012076604817378848,0.006300402170701478
"2.7,1.9",0.0,0.0005456966756241088
"0.6,1.8",0.005169261127986192,0.0
"3.5,4.2",-0.0011670558897595266,0.006088566755608033
"1.0,-2.5",0.0030894308595564523,0.0
"1.1,0.0",-3.440998824558371e-05,6.537897766660904e-05
"1.1,3.1",0.013076072330691507,-0.001905606856675763
"-0.8,-1.9",0.013605987306622774,-0.005428940424759626
"4.6,3.9",-0.0003711677929137114,0.0010058647187961578
"1.2,0.2",0.007478770300582272,0.0
"-4.5,-4.8",0.008277214728799494,0.0
"-0.4,-2.1",-0.005418305669000858,0.021934320177863117
"2.2,-1.0",-0.0002449540380931148,0.0011477541913487176
"-0.1,-2.5",0.007770742269093541,0.0
"1.3,1.9",0.006791949934158435,-0.008601592165114469
"-2.4,-3.7",0.005596913326979346,-0.0011944948932747735
"-0.5,1.2",0.00010709736765680895,-2.28567517979185e-05
"-1.0,-0.3",0.012274833485315745,-0.0025065275382813845
"2.6,2.4",0.013710960186275675,0.0
"-1.0,-3.6",0.014848003892411579,0.0
"6.1,5.5",-0.0027627701889133506,0.012945208369470508
"1.0,0.0",-4.464429638855718e-05,0.00020918486871525965
"0.9,-0.7",0.00454437287603686,-0.0009184537962215055
"-2.0,-2.4",-0.0005128183670048995,0.0009743548973093091
"1.6,2.6",-0.0008318861117893516,0.003406656816388574
"-3.6,0.5",0.0019526897866955718,-0.00034285818498625367
"0.1,1.4",-0.009947092869140832,0.03129017690428666
"1.9,1.8",0.0029499714594731466,0.00019249283295139636
"-0.1,2.3",0.0030028251180213303,0.0
"-1.3,-1.5",0.012489021941924179,-0.0020639762226610796
"0.5,2.7",0.0,0.0017295943838993568
"2.1,0.5",0.00885355364385054,-0.002161987166088872
"-2.0,-4.1",-0.0006156548194815553,0.0021172369241970685
"0.2,-2.3",0.0044575186955755595,-0.001847222405348897
"0.7,2.8",-0.0033471881998376196,-0.0020848381508232904
"-2.9,-1.4",-0.00222566048908639,0.00222566048908639
"1.8,4.7",0.0,0.0019246686305391047
"2.1,3.5",-0.00283383464362733,0.009745557339434389
"2.5,1.7",0.006638879913220312,0.0
"1.5,2.4",-0.0019651290183954648,0.014560492586568297
"1.9,1.5",-0.0019361878260037268,0.0010190462242124878
"0.6,2.5",0.0003116116876876405,-0.0003116116876876405
"0.6,2.1",-0.001121196505212418,0.003855794781425505
"0.9,0.0",0.01302469335172433,-0.0009195443706137853
"4.6,0.9",-0.010001993250496494,0.04095916256010819
"1.9,3.0",-0.0001481218255191522,0.0008436023654781594
"-1.7,-2.2",0.0002846290848403352,0.0
"0.6,-0.8",0.04095100937508622,0.0
"7.9,0.7",-0.01000458400183359,0.04687737875315144
"8.7,0.8",-0.010001041775184925,0.05217574497343479
"3.2,2.2",-0.004659663836405232,0.026538313452099754
"11.9,8.7",0.006283444100457488,0.0
"2.0,0.6",-0.0031232873157067366,0.004454794013455398
"-1.5,-0.1",-0.0010858226708433288,0.006184116151706527
"-1.8,-1.0",-0.005551710887477879,0.010604130083585357
"2.7,4.4",-0.001343602200067744,0.0036411619621835862
"-0.1,4.1",-0.001493147027065443,0.007559576587503951
"-0.6,0.4",-0.0100021372088053,0.025140651866144507
"4.7,5.3",0.007616980765494467,0.0
"-2.0,-2.3",0.042309364501206564,0.0007067767095789167
"-2.9,-0.9",0.0016423564885749001,0.0
"0.9,-1.5",-0.0008312524331293727,0.0015045669039641647
"4.6,7.1",-0.00013152247840768222,0.0006162604096022517
"0.5,-4.1",0.0016497300800129109,-0.00047971214888424275
"-1.7,-0.2",0.003775283150988779,0.0
"-2.2,-0.5",0.0,0.0
"-1.9,0.3",-0.0025017864447567963,0.006779841265290918
"1.7,3.6",0.02006987398531576,0.0
"-1.5,-3.6",0.009282527324779523,0.0
"2.9,3.3",-0.0008322654484217593,0.0015813043520013425
"-1.8,0.2",0.033597026699029156,0.0
"1.7,-0.3",0.006516405485735144,0.0
"-3.7,-5.4",0.011971990277239108,0.0
"0.9,1.8",-0.0036811753666564882,0.00629500801149298
"2.4,3.1",0.002483540553615315,0.0
"1.5,3.4",0.007923198877996208,0.0
"-2.5,-4.9",-0.0030198667931674483,0.010906318919427234
"0.0,-1.8",-0.0015092877950587114,0.0034062505051502137
"-4.2,-3.9",0.004052353871575266,-0.0009461238721562338
"-0.5,0.7",-0.0016564875136929045,0.0028958181301219615
"1.0,0.2",0.009080163788575972,-0.0032066774869562945
"0.7,1.9",0.0021750703717002546,-0.00020777802201446253
"-2.2,-1.0",0.00028685924105545076,0.0
"-0.0,2.1",-0.001776524831193169,0.001776524831193169
"0.4,1.6",0.0077519251079006726,-0.002618785450197481
"-2.3,-2.4",-0.0012155066787463014,0.0049776214001339796
"-0.9,-1.5",0.014086090171757434,0.0
"-0.2,-3.3",-0.000254354645372997,0.0008747256254377368
"-2.6,-1.4",0.04140656628511443,0.0
"-4.2,-1.6",0.0004215315451211387,-0.00012257387180027296
"1.1,0.5",0.012093524217012805,-0.008654943939482858
"0.2,-21.5",-0.010001234904564343,0.06126551587234157
"1.4,2.3",0.002131330828478056,0.0
"2.2,1.5",-0.0005868325671553459,0.002018117198447235
"0.3,-1.9",0.002239799941957307,0.0
"0.7,-1.5",0.005813499721872907,0.0
"-0.2,1.4",-0.0010576928652156412,0.00037114146519694993
"2.0,2.6",0.007517332611375033,0.0
"-0.5,-1.9",-0.0007838012595694098,-0.002511336260609038
"-1.8,-1.2",0.012314221364197023,-0.002162161965107755
"-0.4,1.5",-0.010006137458324675,0.04097613350558538
"-3.9,-0.2",-0.001282151278316241,0.003474629964237013
"4.9,8.7",-0.003973041405538764,0.009797917410199145
"-1.2,-2.0",-0.00034750066827052284,0.001812921758888034
"7.4,25.2",-0.0005451534518835428,0.0018747827210275037
"1.9,-5.5",-0.0004153065167854115,0.0008951166930989151
"-0.3,-3.8",-0.0011677164463859081,0.006092012900005122
"-1.0,-3.0",0.013899898211487051,0.0
"1.0,-0.0",-0.0019044328727911165,0.005161013085263925
"2.2,3.5",-5.1524414216332224e-05,0.0002688044662234459
"1.1,1.5",-0.005281727141660756,0.013308798109585932
"-1.8,-2.3",0.0010603795435002502,0.0
"-0.1,1.7",0.0016192788707093167,0.0005159548219675408
"0.2,-1.7",-0.0005754560312531808,0.0008885134845260171
"-0.7,-2.2",-0.0016022360062929498,0.006920991588052074
"-1.0,-2.7",0.00024372797539186825,0.0
"-0.4,0.9",-0.0004027617445644883,0.0010914843277697634
"2.2,2.0",-0.00024469850781962766,0.0008415181683916995
"0.1,-2.1",-4.068558642965181e-05,0.0001102579392243564
"-4.5,-3.2",-0.002312576157626355,-0.0017284107417294267
"-0.6,3.9",-0.00769854132901134,0.03607220826580225
"1.1,1.9",0.009073546203757622,0.0
"-2.0,-2.9",0.003345138451116124,-0.0009727067319325747
"1.3,2.5",0.00889720060945029,-4.42386354635113e-05
"-0.6,1.5",-0.00026869207745688185,0.0005105149471680755
"2.8,3.4",-0.00017889141490233813,0.00017889141490233813
"-0.8,-3.8",-0.0001244894136835082,0.000709008031006326
"1.2,0.5",0.017425511917990414,-0.0007479425519167363
"7.3,8.0",0.011315313230701915,0.0
"1.2,-0.2",-0.00044668351087734815,0.001226506170229454
"0.1,1.9",-0.0006218417866248401,0.0032441678779171765
"5.0,4.9",0.0023848351796802664,0.0
"-2.3,-7.3",-0.00020881214633142487,0.0008551066204418179
"1.8,3.8",0.030020988423720196,0.0
"-2.0,-1.8",0.002487111537422898,0.0
"0.9,-11.2",0.008043357665411746,0.0
"0.6,2.7",0.003187309114410375,0.0
"2.0,2.2",0.016281714296013067,-0.0026578940372057377
"-2.0,-4.0",-0.0010137869134276732,0.0034864131952777678
"-0.2,1.2",-0.0032126769774315244,0.0032677956717844896
"1.0,-2.3",0.002887724566052072,0.0
"2.0,2.5",-0.0005424132408920995,-0.0019248429457185087
"-1.4,-3.4",0.00855692616418609,0.0
"2.8,2.5",0.0022352696372034656,-0.0003924742660038003
"1.8,1.5",-0.013563223511324177,-0.005932878792627846
"2.9,2.7",0.004681406000844431,0.0
"-0.6,-3.5",0.0036161448003768333,-0.0008830418794112069
"1.6,1.3",0.011678010192094196,-0.0002296216868597448
"0.2,3.1",-0.0004176610978520303,0.0011318615751790021
"3.9,4.1",0.011643856205391833,0.0
"-0.0,-1.2",0.0008471331369534593,0.0
"1.1,-0.2",-0.009713127467278837,0.0017725295326720873
"-0.3,-2.4",-0.0013297869547029906,0.007968863711005032
"-0.3,-14.9",0.00508089520800442,0.0
"-5.3,-5.0",0.0,0.0
"2.5,2.3",0.009589063415118847,0.0
"-0.3,-2.8",0.006933809760321829,0.0
"3.3,3.0",-0.0005774264211778534,0.0010971102002379214
"2.8,1.6",-0.00028192613814691583,0.00028192613814691583
"-0.3,-2.2",-0.0006548430781902087,0.0037295460533385764
"-0.6,-3.2",0.0021242912645631456,-0.0003729884041554737
"0.8,-0.6",0.01251603491521013,-0.0025973994918781734
"2.0,1.4",0.003810479320217386,0.0
"1.0,3.2",0.018632028872075802,0.0
"-6.2,-7.2",0.011442625965428487,0.0
"0.5,5.8",-0.0008563277608454391,0.0016270227456063342
"0.5,-1.6",0.005600130683732845,0.0
"-2.7,-3.4",0.00032369829585041635,0.0
"-0.0,2.7",0.002553230496932455,0.0
"0.5,-1.2",-0.0028466048849012256,0.005408549281312329
"1.4,1.6",0.010720108152909727,-0.0008236300116753426
"-1.4,-1.9",0.006310203487760846,-0.0015009640394836648
"-0.3,1.2",-0.0013086172098040142,0.004500334584516005
"-7.8,18.7",-0.0001588401856529488,0.000904646940990419
"0.4,8.2",0.006844040609657311,0.0
"5.3,5.5",-0.004311941318385195,0.01765783089291921
"2.5,-2.8",-0.0010095489417770475,0.0052668481252680505
"1.7,1.2",0.00010121579451134927,-0.0019249752935075108
"1.4,-0.5",0.0,0.007689945232913676
"1.0,1.9",0.00481866809593935,-0.00012329638952568938
"1.7,0.1",-0.009994626544868348,0.06126786489609041
"3.1,3.7",0.008092022589266721,-0.0015510781111453468
"-1.7,-1.0",-0.0008544564753344383,0.0029384758186751336
"-2.6,-3.1",0.05458409692088086,0.0
"-2.2,-16.8",-0.0007340029803074349,0.0007340029803074349
"2.1,4.3",0.006492948751618047,0.0
"1.9,2.5",0.00848584149226383,0.0
"0.1,-1.8",-0.005490847083890013,0.00848754206150975
"3.0,2.9",0.005002398277866243,0.0
"3.3,1.9",-0.0006490289679450869,0.00304108364191382
"1.6,1.1",-0.0019331470300401731,0.011842062623531116
"0.4,-3.0",0.008117217262505324,0.0
"2.0,-2.0",0.017214327518520776,0.0
"-2.2,-4.2",0.005075829810709373,0.0
"-2.3,-0.9",0.0,0.003366001531487557
"-0.1,-1.6",0.008902393264461817,0.0
"1.1,0.4",-0.0005199664987331086,0.0017559373706887327
"1.0,-12.6",-0.0012584744818173953,0.0
"-1.9,-1.2",-0.000573498339873194,0.0017190847872018342
"-0.0,-1.5",0.0037963367271677513,0.0
"-0.3,2.7",-0.001470040755505054,0.0
"-1.1,-5.8",0.010721239817206425,0.0
"-2.8,-1.7",0.011514024005053719,0.0
"-1.1,-2.6",-0.0005278719301281203,0.001430532930647206
"-1.5,0.3",-0.0013729977116704716,0.002608695652173896
"0.5,2.6",0.001649516700025994,-0.0006086777490870826
"2.0,-0.2",0.005842930012125136,-0.0009538239374978273
"2.6,1.7",0.010465301876979098,0.0
"1.7,2.2",-0.0024260545661734813,0.008343201653070603
"0.6,1.6",0.0023616925012040066,0.0
"0.7,3.9",0.0057527572457117225,0.0
"1.4,-0.7",-0.004181336337427142,0.016017295139463372
"1.9,0.5",0.04681630987298738,0.0
"-1.6,-2.4",-0.0001732099885265136,0.0009036418796524656
"0.1,1.7",0.007399960095202097,0.0
"-2.1,-2.9",-0.0004449381393464239,0.0010015164786270733
"0.4,2.5",0.006066310301458853,0.0
"1.5,1.8",0.005954461268059119,-0.0014540453879170517
"-0.2,-1.7",0.00627007618468648,-0.0017889372490335377
"1.6,2.4",-0.0006926959388188639,0.0018772059941991213
"-0.4,1.4",0.008076727964489518,0.0
"0.7,-3.2",0.0035615143754992593,-0.001967687500275834
"0.4,1.5",-5.698562323347954e-05,0.0019145307383640216
"0.0,1.5",0.013324834872801875,0.0012377802640827157
"-0.3,-1.9",0.004199905717593261,-0.0012256023808142876
"0.7,2.0",-0.001565720329136289,0.002974868625358949
"-0.7,0.3",-0.0035178150446376717,0.011394128865243347
"-1.8,-1.5",0.0,0.0004107740086000722
"0.0,1.9",-0.0018026568378525557,-0.003451491613035892
"-5.3,-7.0",0.007200194444299247,0.0
"0.5,3.0",-0.00022196491288658978,0.0010400365761722764
"-0.3,1.7",-0.0014612742932336876,0.0020770978410912895
"-0.3,1.6",0.004877992942919268,-0.0040221107727467405
"0.7,-2.0",-0.0002425219746168883,0.0013812421683986557
"1.2,0.3",0.010475066516862445,0.0
"-0.0,-2.6",-0.0008733268863602144,0.0008733268863602144
"1.7,1.7",-0.0027070906305825034,0.007787402445059365
"-1.0,1.8",0.0,0.0
"-2.7,-9.6",-0.0009655171221096088,0.001834482532008257
"-2.0,-0.6",-0.0015718549064020469,0.00088650040167734
"-0.7,-2.8",0.006683770468526571,0.0
"4.0,0.8",-0.0028163154905852914,0.005350999432112053
"-0.1,-2.0",-0.0006147892707793785,0.0011680996144808192
"-0.7,-3.5",0.00039986199683069514,0.0
"-2.3,-1.2",0.030482827352834842,-0.004976142166928408
"0.8,-1.0",-0.002005523966255762,0.0038104955358859477
"-0.8,-2.1",0.003045945956838959,0.0
"2.7,1.5",0.0037069222886421446,0.0
"2.5,2.1",0.005871751812073618,0.0
"0.4,2.3",0.00514557027634977,-0.0018987344193172582
"1.2,3.7",0.002516687756934842,0.0
"-4.0,-3.6",0.01801566784999321,0.0
"0.2,-1.5",0.002069746209648372,-0.002069746209648372
"0.1,2.0",-0.002467649714113754,0.006687330725248273
"-1.5,-5.6",-0.003975183823529405,0.007552849264705869
"1.7,3.3",-0.01902099447513813,0.046907674475138134
"0.9,-0.8",0.004107323236362823,-0.0010029848444147451
"5.3,0.5",-0.009993202304516755,0.05213484621193536
"5.8,0.5",-0.0050834360824579174,0.0
"2.2,2.3",-0.0021392634548118377,0.005797403962540081
"0.5,-1.7",0.003530804140323328,0.0
"-1.1,-0.4",-0.0013764051309848662,0.005636516651896126
"-1.6,-1.7",-0.0032997169966818727,0.005972487763994189
"-1.3,-1.1",0.011619949592363588,-0.0044916090819348475
"-2.9,-1.1",0.0055396742120393605,0.0
"-2.2,-12.7",-0.0008772699359592948,0.003016931309764015
"-2.8,1.3",-0.001379107981220654,0.004742752347417829
"-1.3,-0.4",-0.00129870169539303,0.0044662351304566306
"0.7,1.5",0.0062861419039727875,-0.0029165758143997206
"-1.4,-0.7",-0.010007322431047112,0.03480045605992375
"4.1,5.5",0.014083436875970686,-0.006534280008875072
"0.6,2.0",-0.00018181725614661244,0.0006252695438882002
"0.6,-1.9",-0.009994597281977706,0.03437142005272133
"-2.1,-2.2",0.0,0.0
"0.1,-3.7",0.010759876569788314,0.0
"-1.5,-2.1",-0.0018068094341831397,0.008309050239684116
"3.5,1.8",0.007369283461623438,0.0
"1.7,2.5",-0.0011730975661488896,0.00222888537568289
"2.6,0.8",0.0,0.0
"-0.7,1.1",0.0067936352945933785,-0.002754809332384485
"-1.3,-2.1",0.03455417677397527,0.0
"0.9,-1.0",0.008505757833199118,0.0
"1.1,1.7",0.001979267233484859,0.0
"2.8,3.2",0.005219591089683746,0.0
"1.1,-0.1",0.0,0.0
"1.2,-0.0",-0.009999997374558723,0.0468558876982586
"-2.0,-3.0",-0.01895763656633221,0.03178561623727555
"0.9,3.9",0.006500160847342955,0.0
"-1.7,1.3",-0.0013956589306173897,0.007948735246429384
"1.5,0.9",0.001584174324407688,0.0
"1.6,2.3",5.327640600291157e-05,0.0
"4.3,5.3",0.001067177016389857,0.0
"-1.5,-5.4",-0.007277913992553458,0.017948063697036082
"-1.4,-2.0",0.009966355951200715,-0.003196220675974812
"1.8,1.1",-0.00011377666680335418,0.00016228145633531043
"-18.0,-0.3",-0.0015060241358694337,0.00705661163078846
"4.1,22.2",0.013290469638968608,-0.003864632055530273
"-2.4,0.3",0.006564447744624601,0.0
"-0.5,1.9",-0.005339586788810588,0.007615936946145629
"3.5,4.1",0.005691003518931945,-0.001214575649796919
"-0.5,-4.0",-0.004098360612982562,0.007786885164666867
"-0.8,-0.0",0.004512765499513934,-0.002375139736586281
"-1.2,-5.7",-0.0031249990174277123,0.008468747337229101
"2.4,3.6",-0.010000000762237962,0.046855903571534574
"0.8,2.1",-0.0005496906633484036,0.00189038619125516
"-0.5,1.0",-7.67454453836684e-05,0.00031428027339066043
"-2.2,-2.0",-0.0002941149348694889,-0.0004469029319190742
"0.2,2.4",0.002233695879359992,-0.004751432330615221
"2.1,1.0",-0.0013370998116760844,0.0025404896421845607
"0.6,3.7",0.01504513458323179,0.0
"-2.0,-2.6",-0.00034488495004409347,0.0009346382146194934
"3.4,3.4",0.0008839655744706447,0.0
"2.8,2.6",-0.0013970927754346834,0.0013970927754346834
"2.0,1.6",0.004953752839769861,0.0
"-1.4,-0.1",-0.00055297500552975,0.0022644879451448794
"1.7,2.6",0.01185806511996039,-0.004375669785963244
"-2.8,-2.5",-0.0012142040290925294,0.0032904929188407542
"0.3,1.5",-0.0039546784612211425,0.004648069886422287
"-1.6,-1.6",-0.0038977774683174064,0.009612309014617555
"-0.6,2.2",0.004665302944416258,0.0
"0.3,2.2",-0.00036866353468984397,0.009093328540170458
"-2.0,-5.1",-0.00026773762128767375,0.0012545087209293111
"6.6,4.9",-0.006164942982096414,0.011713391665983187
"4.5,-2.1",0.007267738647043165,0.0
"1.8,-0.5",0.0,0.0
"-1.3,-3.0",-0.0005175287295812998,0.005644884546324035
"-0.9,0.1",0.004013129487384092,0.0
"2.1,2.4",0.01774845677473581,0.0
"1.5,0.6",-0.0018258797305593618,0.009525671156599837
"0.7,-0.8",-0.0030613284709993154,0.0055410045325087615
"-4.4,-4.4",0.019849526687993852,0.0
"-2.2,-3.3",-0.0009805552211172804,0.0033721294054223274
"1.1,-0.5",-0.003275223806596895,0.0062229252325341
"2.3,1.3",0.008889616225160362,0.0
"-0.8,-3.1",-0.0027360062819340772,0.009409125603571291
"0.2,-4.4",0.009418806382193261,0.0
"-1.1,-2.3",-0.0008123740208830703,-0.0008090966100236061
"0.0,-2.6",0.0,0.0
"-1.3,-2.0",-0.0014154873797430335,0.004867861098936292
"1.0,-0.6",0.00252673671428411,-0.0006170146551449562
"1.8,4.0",0.0007678302782621577,0.0
"3.3,2.7",0.0037970973035172137,0.0
"-2.5,-5.8",-0.001353309399443923,0.003667468472493032
"-4.8,-4.8",-0.0026203021036424563,0.010730399144626222
"1.8,2.7",0.0068815772720048456,0.0
"1.4,-0.6",0.005106068859895534,0.0
"-1.0,-2.0",-0.0009401456451512473,0.002684974048103848
"2.6,2.8",-0.0016407539089662827,0.002969764575228972
"0.2,-2.4",-0.001472603032385558,0.005064281828373934
"1.3,-0.3",-0.003205056883810463,0.005801152959696939
"2.7,5.2",0.0029356625808985405,-0.001083270325054812
"-2.5,2.8",-0.0005498225063773832,0.0005498225063773832
"1.9,4.4",-5.888789325598739e-05,0.00020251546490734063
"0.1,-4.5",0.0026856682789542646,0.0
"-2.7,-2.4",0.027088854010125923,0.0
"0.9,-0.6",-0.0009885134051898512,0.0006273344640415283
"0.1,-1.6",0.00027193654358566234,-6.640534873035148e-05
"-3.0,-3.5",0.002128592318815056,0.0
"14.6,25.8",0.00037180916730935747,-0.00010811548918562299
"-0.5,-4.1",0.0035838700811226996,-0.0008751605775494369
"2.8,1.8",0.0009857327869987561,0.0
"-0.3,-3.1",0.003586962089659173,-0.0010430247425586429
"0.6,-0.9",0.0032645860049527074,0.0
"-1.5,-1.3",-0.00043506580537842963,-0.0003037543103649352
"-1.4,-2.6",0.003230947754478806,0.0
"-0.1,3.3",-0.0016339848926631582,0.005619274045868601
"-0.7,-2.3",0.00606096408317581,0.0
"0.3,-1.3",-0.0031377886984859217,0.0128495584991697
"0.6,2.3",0.0038211479779917895,0.0
"-1.6,-1.5",-0.0007537700334838387,0.0025922151451509214
"1.7,1.6",0.0021460934637175023,-0.0018817969934390652
"-0.4,-2.2",-0.0024077401703878807,0.004016580408169618
"5.1,7.1",-4.563904404260363e-05,9.83665522415085e-05
"0.1,-5.0",-0.0009899404124646086,0.0018808867836827563
"-29.3,-52.8",0.038953071217018076,0.0
"3.3,3.8",0.0027294670000766797,0.0
"-0.6,0.8",0.006091853520508544,0.0
"1.1,-7.7",-0.0023586533433681326,0.00965892130642684
"-1.6,1.2",-4.357298474946215e-05,0.00017843572984752246
"-0.5,0.8",0.010455223106402015,0.0
"-1.5,2.9",0.0,0.0
"2.1,2.8",-0.0013822883138772937,0.002626347796366858
"-2.0,1.6",-0.0010939318776462665,0.004479760432149226
"1.6,2.8",0.005376465863453828,-0.0011474469305794634
"6.1,6.4",0.012773242462376547,0.0
"1.3,2.4",-0.004171122735149196,0.01130374261225432
"0.8,3.0",-0.0017801790592918572,0.005263767622317155
"-0.8,-2.2",0.0005405416514512693,-0.00028449560602698386
"-3.6,-4.6",0.002722533330041403,-0.0019087872055640834
"-1.2,-3.1",0.009539073342593997,-0.0016748944942386894
"-3.0,-2.1",-0.001990812360979737,0.008152575699448121
"-0.9,1.5",-0.001550591586909513,0.0029461240151280746
"-0.3,7.7",0.0004720523375210814,0.0
"-1.3,-1.0",-0.0010491897689140894,0.00199346056093677
"-0.9,0.2",-0.0028840536554261,0.009918260521010356
"1.3,2.3",0.002960572161169659,0.0
"2.6,3.6",0.002904750052160126,0.0
"-1.3,-0.8",0.005861050654410506,0.0
"-1.1,0.2",-0.0035150841354522977,0.012088374341820453
"-3.5,-2.9",-0.0009438196905097598,0.0009438196905097598
"0.4,3.9",0.007196484466170347,-0.0020926096150538954
"-2.6,-2.8",0.002287147381200482,0.0
"-2.3,-0.6",-0.001987381703470028,0.0
"-1.6,-0.2",0.0019441548089299578,0.0
"-5.7,-5.7",0.003864265925742652,0.0
"-1.8,-1.8",0.02705139945915972,0.0
"-0.9,0.4",-0.0005684754521963794,0.001838468335498914
"-2.0,-3.7",-0.0014018945890951053,0.005740898531803365
"1.6,1.9",0.0017538486791269983,0.0
"3.0,2.0",-0.005976545144856081,0.0280036401652862
"1.8,0.6",-0.0014019591875801245,0.0014019591875801245
"0.5,-1.5",0.0,0.0
"1.5,1.0",-0.011931742275445302,0.011931742275445302
"2.7,1.2",0.003050738462332761,0.0
"-0.7,-2.5",0.010958503537475512,-0.0031865378125837483
"-1.3,-1.9",-0.00021468646998562207,0.00021468646998562207
"0.0,1.3",-0.00038374718089157145,0.0015714830804690744
"-0.2,-3.5",-0.0008040358568074946,0.0008040358568074946
"-2.0,-2.8",0.004384616117597733,0.0
"0.1,-5.1",0.0002440590117611805,0.0
"-1.0,1.2",0.0036374756655106867,-0.000888250754685035
"-0.4,1.1",-0.0002632032370181386,-0.002117645238067617
"2.4,2.8",0.00647032497920472,0.0
"-1.6,-2.1",0.005121996854406629,-0.0029042811388287405
"0.7,-0.0",0.0037884781332962855,0.0
"3.3,0.3",-0.009989052361532127,0.027070331899752064
"1.9,2.8",-0.0013028176322520766,0.005335168485835479
"1.1,-0.8",-0.0001274474293895285,0.0001274474293895285
"1.7,0.3",0.0,0.0
"0.8,-0.3",0.0,0.0
"-1.5,-2.7",-0.003367288629435008,0.003367288629435008
"-1.1,-3.0",-0.0029700295603642974,0.011678667662882641
"5.0,1.5",0.005871667712299378,0.0
"-1.6,-6.6",0.002557985140057513,0.0
"0.8,-0.9",-0.0002206734426719484,0.0002206734426719484
"-1.6,-1.9",0.02389035975599005,0.0
"-1.3,-0.2",0.007565567736714356,0.0
"-0.1,1.8",0.02058612529002319,0.0
"2.4,2.5",0.00042410888298629647,0.0
"-1.0,-2.5",0.0,0.007178461903140786
"0.8,-0.7",-0.002361697636231641,0.006400200594187747
"-2.7,-6.1",0.010773828647444124,0.0
"1.6,1.0",0.0007863424132017198,-0.0004138644280009051
"0.4,-0.7",0.004133115882235862,0.0
"-1.7,-1.2",-0.0011067331689196551,0.003806055367914694
"-0.8,-2.6",-0.0017369729949456602,0.006669970945961747
"-0.0,-2.3",0.004702676645810864,0.0
"-4.0,19.1",-0.0013932969491030217,0.0037758347320691887
"4.3,8.3",0.004266848270937151,0.0
"2.0,0.9",0.0005381801266636931,0.0
"1.4,2.1",0.0025707465353448835,0.0
"1.5,0.8",0.01588837935969381,0.0
"-23.1,6.2",0.005960861451796875,-0.0012721688094342173
"-2.9,-3.6",-0.00041941282204913295,0.0
"0.5,1.7",-0.0019141649061466617,0.018898588130001746
"-1.8,-2.0",0.006703772418058168,0.0
"-2.2,-8.3",-0.001964949550291772,0.009206947963351622
"-3.5,-2.4",0.0013523992322456713,-0.0004990403071017237
"-1.3,-3.3",0.014220896916004606,-0.004135183749928643
"-3.0,-1.7",0.0,0.0
"3.1,2.1",-0.007399999994535661,0.007399999994535661
"5.4,2.3",-0.0014152686459865168,0.0020186200161176108
"-1.2,-3.0",0.015931576482666764,0.0
"-2.3,-1.1",0.014001381210220876,0.0
"0.1,-1.4",0.0032038561291657572,0.0
"1.2,2.9",-0.00013696027668476393,0.0003711623498157102
"1.0,1.8",-0.0009475270329486436,0.002567798259290824
"-26.5,-32.3",0.014713517072258656,0.0
"-1.4,-2.5",0.0009929987031851077,0.0
"-1.5,-1.1",0.00540517444676081,0.0
"-0.5,-1.5",0.01963940806907255,0.0
"-0.3,1.1",0.0023236869678263288,-0.005838215712886554
"-3.2,-5.3",-0.004351812717373927,0.0
"1.7,1.9",0.0005226339886989287,0.0
"-0.4,0.8",-0.0011206902234024367,0.003037070505420603
"-3.2,-3.2",-0.00034839010806541845,0.0011232454843997431
"0.7,-0.7",0.006085335308068274,0.0
"-1.9,-1.8",0.012978341861579607,0.0
"-2.0,-0.9",0.002377188940092143,0.0
"2.2,3.2",-0.004434969201330145,0.012018766535604693
"1.4,-0.8",0.008527980139985354,0.0
"-1.8,-1.6",0.0028571284535378345,-0.0018949154965513717
"1.5,-1.3",0.007611567231521146,-0.0018587011871556607
"4.7,4.8",-0.0004730886828544198,0.0004730886828544198
"-2.2,-3.2",-0.002325580110296386,0.010896714909003643
"0.6,-1.7",0.00312920765193021,-0.0009099178982059349
"1.6,3.3",0.008576630328657861,-0.0016439676759938482
"1.1,-0.7",-0.0008530805642131281,0.0034934502185091807
"-1.7,-4.4",0.004829690270452014,-0.002541942247606323
"0.6,-4.8",0.002575477030417255,0.0
"6.9,-25.2",0.010593987066015925,0.0
"1.4,-0.3",0.0005794728524414938,-0.00021382762082711951
"4.7,3.9",0.002036124413506283,0.0
"-1.8,-6.5",0.02092875251459559,0.0
"3.4,4.3",0.010757121569788943,0.0
"-7.8,-11.3",0.00033858939319044763,-0.00033858939319044763
"-3.0,-4.8",0.004397906690140841,0.0
"2.4,1.9",-0.0012005191434133712,-0.0001395462982817612
"0.4,-2.1",0.0,0.0
"0.0,4.6",-0.0021727663033088685,0.008897695288680146
"4.5,2.8",-0.003314584170349535,0.01357355363599838
"-2.8,-2.1",-0.00011662043765852634,0.00040105768510767206
"-2.7,-14.7",-0.009999628298745835,0.03438872171938692
"0.3,2.5",-0.0025094693476047994,0.0025094693476047994
"-0.9,-1.7",0.010441580412551233,-0.0022284451718036008
"-1.6,-2.8",0.002178003088013302,0.0
"-4.9,-4.9",0.006304752836922113,0.0
"3.5,1.7",0.026328434174138313,0.0
"0.6,1.7",-0.0012572139266804484,0.005890789002714642
"-1.0,-0.6",0.009322981740943643,0.0
"-3.7,-4.0",0.000492283945510281,-0.00025909681342646367
"3.0,0.3",-0.00999397731125791,0.040926336487332265
"1.3,-0.2",0.052170301346319184,0.0
"-1.8,-3.1",-0.0009661833968076597,0.002618357005348758
"-2.5,-2.1",-0.0030791795216286526,0.00834457650361365
"0.1,-8.0",-0.0007133520653690993,0.0019331840971502593
"-1.4,-0.3",0.002543272386114637,-0.0009384768952452535
"1.8,2.0",0.003837912078929323,-0.0008190883280289831
"1.7,1.4",-0.002331740306110391,0.0121647614609274
"1.4,0.6",-0.0011352864974359422,0.0039042502646822047
"0.4,-1.0",0.007715298175976995,-0.0001584783029659139
"1.8,2.9",0.0017088333703809263,0.0
"-2.1,-0.8",-0.0013598672042443984,0.0013598672042443984
"1.7,2.4",0.01167228681611801,0.0
"3.3,4.3",-0.0008915304998708022,0.0030659733890556888
"-1.0,-2.3",-0.00043697508642773133,0.0008302526642126895
"1.4,-0.2",0.009198423888832259,0.0
"-2.4,0.9",0.0015694786948122145,0.0
"1.8,6.6",0.00816246608290948,0.0
"12.2,15.4",0.0,0.0
"4.2,0.4",-0.010002151000215098,0.03439739728973972
"10.6,8.1",0.0024272607495517376,0.0
"-0.9,-4.3",0.001892199002876154,0.0
"0.3,1.7",0.018113514943630032,0.0
"-0.3,3.2",-0.0009066358024691336,0.0017226080246913538
"-1.6,-2.3",-0.006131029986962203,0.011097164276401585
"1.0,2.6",-0.008519103252289243,0.008519103252289243
"9.4,8.4",0.009644314079971674,0.0
"3.1,3.1",0.006935192952820621,0.0
"-17.7,-18.4",0.03212587201455833,0.0
"-2.0,12.6",-0.005103500289238693,0.017550937494691866
"20.0,22.0",0.00022201524140299557,0.0
"-0.9,-1.8",0.0016683760769826837,0.0
"1.9,2.4",-1.4223176667804895e-05,5.8245330772327824e-05
"-2.0,-1.5",-0.0004282250127590566,0.0011604897845770433
"-1.4,-1.1",0.0,0.005812986035834387
"-0.1,2.1",0.013637549000512499,0.0
"4.4,0.4",-0.009993832108337899,0.027083285013595707
"4.8,0.4",-0.010001868598582674,0.010001868598582674
"-0.9,-21.0",-0.0008326155010499212,0.0039012948655645
"-2.1,-3.0",0.016682325814938566,0.0
"-1.9,0.2",0.0,0.0
"21.7,2.0",-9.062835440128226e-05,0.0001721938733624363
"2.3,-1.4",0.0,0.0
"-2.5,-13.1",-0.0008780731763913459,0.004580934981502119
"3.1,5.6",0.00014228102720402927,0.0
"3.0,3.0",0.004997696550300723,0.0
"2.4,0.2",0.005297128926778056,-0.0010153531628963016
"-2.4,-2.0",-0.0007183094389059325,0.001946618579435077
"-3.1,-5.8",-0.002113864918044736,0.005728573927901235
"-2.6,0.3",0.021871816141301178,-0.008070780863948773
"0.7,5.6",0.010822517352875042,0.0
"3.7,3.6",-0.0020952229447697823,0.00567805418032611
"7.8,4.2",-0.005330090349826652,0.0
"-2.0,-0.3",-0.0013351747975234155,0.003618323701288456
"5.1,3.5",0.01209759589888635,0.0
"1.6,-2.9",-0.009994166828699205,0.009994166828699205
"6.6,17.7",0.02352076148434487,0.0
"-17.8,-24.5",-0.002190462439703636,0.007533000330140805
"1.3,-2.4",0.004229679068870237,0.0
"13.6,17.7",-0.0007580972276432393,0.0016339389246956997
"1.7,0.2",-0.005505558496559021,0.022545812599258846
"1.0,-0.7",0.018971399899648758,-0.00998494731560461
"4.0,0.4",-0.009997736437995463,0.0343822156102664
"1.7,2.3",-0.0004561582471728422,0.0008667006696284002
"0.3,2.3",-0.0008729583941089728,0.003002103917340758
"-0.0,1.1",0.025526962247585633,0.0
"3.3,-2.6",-0.005984414954067097,0.0
"-4.0,-4.4",-0.005719366482901941,0.019668901334699774
"0.7,2.4",-0.0008369201189262267,0.0008369201189262267
"7.5,-0.3",-0.0001192862557598667,0.00032326575310923875
"0.5,-7.0",0.004088650783870201,-0.0011889068868479794
"-1.9,0.7",0.0021408408988596306,0.0
"-1.7,-2.5",0.0,0.0024713005505514894
"-1.9,-1.3",0.0002060178910273743,-0.00010843046896177595
"-0.8,-5.0",-0.000622320307204038,0.0040533063324558125
"3.7,3.1",-0.0032727263275500965,0.006218180022345183
"-1.3,-0.6",-0.00019428167273882093,0.0011064978312080762
"1.4,2.4",-0.0007873438599602202,0.0007873438599602202
"-1.2,-2.1",-0.0022148056926861634,0.004208130816103711
"1.3,-1.0",-0.00045638915342966955,0.0
"-2.1,-1.9",-0.0009192062065088712,0.0017464917923668553
"1.3,2.1",5.509584491790821e-05,0.0
"1.5,2.5",0.004938669917484791,0.0
"-0.3,1.3",0.027112818195543564,0.0
"0.0,-1.7",0.0,0.0
"-0.6,-2.0",0.027136177573659943,0.0
"1.7,3.2",0.0,0.0
"0.2,2.3",-0.0012261580381471371,0.0023297002724795603
"-11.1,-18.0",-0.0018940890616715167,0.0065137722830883454
"-1.7,-2.9",0.018542283540449393,0.0
"2.5,2.5",0.0,0.009161462079869849
"1.3,-1.3",0.004332578986582307,0.0
"-3.0,-6.7",-0.0010880124344278266,0.003741674761997296
"-0.1,1.5",-0.0014744134828665572,0.0014744134828665572
"1.6,2.2",-0.0017791251039696774,0.0032202164381851164
"-0.6,-2.3",0.0013606528054579134,0.0
"2.7,2.5",-0.0003037473962648405,0.0
"-3.1,-4.9",-0.000979133385080186,0.001860353431652353
"3.7,10.3",0.011558905881242365,0.0
"-0.9,-2.3",0.007819733167856004,0.0
"1.1,-1.4",0.0026393417670322497,0.0
"-1.9,0.0",0.001219866455971887,-0.0017399147872020073
"8.1,5.7",-2.1786570249886182e-05,5.904160537719155e-05
"-4.6,-5.1",0.0035701798091667524,0.0
"2.9,4.2",0.004390003989100952,0.0
"2.6,-15.3",0.005349046856734135,0.0
"-8.0,-10.6",0.0004053692321542364,-0.00011787415881193266
"-5.0,-9.3",-0.00021943753112327178,0.0004169313091342164
"3.6,3.8",0.00480063010989362,-0.0013959378045634255
"2.5,2.9",-0.01248692380163539,0.01248692380163539
"-1.4,-1.8",-0.0013591332766693083,0.0046740593384657515
"-6.6,-0.3",-0.003639565600234824,0.006915174640446166
"-0.9,-2.4",-0.0019502280433624907,0.0019502280433624907
"-0.1,-1.9",-0.002733200115649522,0.011192727793596357
"0.7,2.5",-0.00074539117495794,0.0020200100841360176
"-0.1,4.0",-0.005565910115214338,0.015083616412230855
"1.1,2.3",-0.0007163931041426013,0.0024636758851464056
"-2.0,-1.2",-0.00027137038463788057,0.0009332427527696714
"-1.0,1.0",0.010561763492351498,-0.0022540946801473238
"6.8,5.9",-0.0005807310508438673,0.0011033889966033479
"-0.7,1.4",-0.0016126666058005829,0.00437032650171958
"-14.6,-24.0",0.0017000526252029771,0.0
"-1.4,-0.4",0.037494944267515935,0.0
"-2.1,-2.5",0.0021513398237136103,-0.0009981552746101095
"1.8,1.9",-0.0007784264664998643,0.001479010286349742
"-1.7,-1.6",-0.0011524400862522378,0.006012315655620598
"3.6,1.7",-0.009993425520958624,0.009993425520958624
"-0.7,-2.0",-0.004168114689372983,0.007919417909808667
"-4.2,-6.6",0.001178600209314489,0.0
"-1.9,-3.3",-0.000407723298837017,0.0007746742677903323
"0.2,-2.6",1.7857196498748908e-05,0.0
"-3.5,-6.4",0.0021419823502441667,0.0
"2.5,2.6",-0.003920870440963683,0.003920870440963683
"1.5,3.3",-0.0001773766207683088,0.0
"-0.8,-3.5",-0.00014666593753698742,0.0002786652813202761
"0.5,-2.4",-0.001079365180822471,0.002050793843562695
"2.0,3.2",0.0,0.0
"0.9,3.2",0.0,0.0
"1.0,1.5",0.0029089638746462973,0.0
"-0.0,-3.4",0.0010003763638072826,0.0
"0.4,2.4",0.0,0.0
"-1.3,-0.3",-0.0004434782793780927,0.0004434782793780927
"0.2,2.1",0.0,0.0
"-0.5,1.8",-8.356410381788636e-05,0.0
"-1.4,6.5",0.0,0.0
